file,line,type,commit,author,date,time,timezone,datetime,depth,length
style.css,1,css,9f52424f,Ria Juneja,2025-01-10,16:51:20,+05:30,2025-01-10T16:51:20+05:30,0,5
style.css,2,css,66383aa7,Ria Juneja,2025-01-17,17:38:03,-08:00,2025-01-17T17:38:03-08:00,0,16
style.css,3,css,9f52424f,Ria Juneja,2025-01-10,16:51:20,+05:30,2025-01-10T16:51:20+05:30,0,24
style.css,4,css,665f1afa,Ria Juneja,2025-01-17,17:42:29,-08:00,2025-01-17T17:42:29-08:00,0,43
style.css,5,css,efbae06f,Ria Juneja,2025-01-17,18:21:30,-08:00,2025-01-17T18:21:30-08:00,0,12
style.css,6,css,9132c63b,Ria Juneja,2025-01-22,22:12:16,-08:00,2025-01-22T22:12:16-08:00,0,17
style.css,7,css,9132c63b,Ria Juneja,2025-01-22,22:12:16,-08:00,2025-01-22T22:12:16-08:00,0,24
style.css,8,css,efbae06f,Ria Juneja,2025-01-17,18:21:30,-08:00,2025-01-17T18:21:30-08:00,0,0
style.css,9,css,efbae06f,Ria Juneja,2025-01-17,18:21:30,-08:00,2025-01-17T18:21:30-08:00,0,0
style.css,10,css,665f1afa,Ria Juneja,2025-01-17,17:42:29,-08:00,2025-01-17T17:42:29-08:00,0,7
style.css,11,css,efbae06f,Ria Juneja,2025-01-17,18:21:30,-08:00,2025-01-17T18:21:30-08:00,0,17
style.css,12,css,66383aa7,Ria Juneja,2025-01-17,17:38:03,-08:00,2025-01-17T17:38:03-08:00,0,0
style.css,13,css,66383aa7,Ria Juneja,2025-01-17,17:38:03,-08:00,2025-01-17T17:38:03-08:00,0,0
style.css,14,css,66383aa7,Ria Juneja,2025-01-17,17:38:03,-08:00,2025-01-17T17:38:03-08:00,0,7
style.css,15,css,66383aa7,Ria Juneja,2025-01-17,17:38:03,-08:00,2025-01-17T17:38:03-08:00,0,17
style.css,16,css,66383aa7,Ria Juneja,2025-01-17,17:38:03,-08:00,2025-01-17T17:38:03-08:00,0,0
style.css,17,css,66383aa7,Ria Juneja,2025-01-17,17:38:03,-08:00,2025-01-17T17:38:03-08:00,0,0
style.css,18,css,efbae06f,Ria Juneja,2025-01-17,18:21:30,-08:00,2025-01-17T18:21:30-08:00,0,4
style.css,19,css,66383aa7,Ria Juneja,2025-01-17,17:38:03,-08:00,2025-01-17T17:38:03-08:00,0,13
style.css,20,css,66383aa7,Ria Juneja,2025-01-17,17:38:03,-08:00,2025-01-17T17:38:03-08:00,0,18
style.css,21,css,efbae06f,Ria Juneja,2025-01-17,18:21:30,-08:00,2025-01-17T18:21:30-08:00,0,32
style.css,22,css,9132c63b,Ria Juneja,2025-01-22,22:12:16,-08:00,2025-01-22T22:12:16-08:00,0,40
style.css,23,css,9132c63b,Ria Juneja,2025-01-22,22:12:16,-08:00,2025-01-22T22:12:16-08:00,0,40
style.css,24,css,9132c63b,Ria Juneja,2025-01-22,22:12:16,-08:00,2025-01-22T22:12:16-08:00,0,60
style.css,25,css,66383aa7,Ria Juneja,2025-01-17,17:38:03,-08:00,2025-01-17T17:38:03-08:00,0,0
style.css,26,css,66383aa7,Ria Juneja,2025-01-17,17:38:03,-08:00,2025-01-17T17:38:03-08:00,0,0
style.css,27,css,66383aa7,Ria Juneja,2025-01-17,17:38:03,-08:00,2025-01-17T17:38:03-08:00,0,6
style.css,28,css,efbae06f,Ria Juneja,2025-01-17,18:21:30,-08:00,2025-01-17T18:21:30-08:00,0,7
style.css,29,css,66383aa7,Ria Juneja,2025-01-17,17:38:03,-08:00,2025-01-17T17:38:03-08:00,0,21
style.css,30,css,efbae06f,Ria Juneja,2025-01-17,18:21:30,-08:00,2025-01-17T18:21:30-08:00,0,14
style.css,31,css,efbae06f,Ria Juneja,2025-01-17,18:21:30,-08:00,2025-01-17T18:21:30-08:00,0,18
style.css,32,css,efbae06f,Ria Juneja,2025-01-17,18:21:30,-08:00,2025-01-17T18:21:30-08:00,0,14
style.css,33,css,66383aa7,Ria Juneja,2025-01-17,17:38:03,-08:00,2025-01-17T17:38:03-08:00,0,0
style.css,34,css,efbae06f,Ria Juneja,2025-01-17,18:21:30,-08:00,2025-01-17T18:21:30-08:00,0,0
style.css,35,css,66383aa7,Ria Juneja,2025-01-17,17:38:03,-08:00,2025-01-17T17:38:03-08:00,0,14
style.css,36,css,66383aa7,Ria Juneja,2025-01-17,17:38:03,-08:00,2025-01-17T17:38:03-08:00,0,44
style.css,37,css,efbae06f,Ria Juneja,2025-01-17,18:21:30,-08:00,2025-01-17T18:21:30-08:00,0,21
style.css,38,css,66383aa7,Ria Juneja,2025-01-17,17:38:03,-08:00,2025-01-17T17:38:03-08:00,0,0
style.css,39,css,66383aa7,Ria Juneja,2025-01-17,17:38:03,-08:00,2025-01-17T17:38:03-08:00,0,0
style.css,40,css,66383aa7,Ria Juneja,2025-01-17,17:38:03,-08:00,2025-01-17T17:38:03-08:00,0,6
style.css,41,css,efbae06f,Ria Juneja,2025-01-17,18:21:30,-08:00,2025-01-17T18:21:30-08:00,0,32
style.css,42,css,66383aa7,Ria Juneja,2025-01-17,17:38:03,-08:00,2025-01-17T17:38:03-08:00,0,0
style.css,43,css,66383aa7,Ria Juneja,2025-01-17,17:38:03,-08:00,2025-01-17T17:38:03-08:00,0,0
style.css,44,css,66383aa7,Ria Juneja,2025-01-17,17:38:03,-08:00,2025-01-17T17:38:03-08:00,0,5
style.css,45,css,efbae06f,Ria Juneja,2025-01-17,18:21:30,-08:00,2025-01-17T18:21:30-08:00,0,33
style.css,46,css,66383aa7,Ria Juneja,2025-01-17,17:38:03,-08:00,2025-01-17T17:38:03-08:00,0,0
style.css,47,css,66383aa7,Ria Juneja,2025-01-17,17:38:03,-08:00,2025-01-17T17:38:03-08:00,0,0
style.css,48,css,66383aa7,Ria Juneja,2025-01-17,17:38:03,-08:00,2025-01-17T17:38:03-08:00,0,12
style.css,49,css,efbae06f,Ria Juneja,2025-01-17,18:21:30,-08:00,2025-01-17T18:21:30-08:00,0,46
style.css,50,css,9132c63b,Ria Juneja,2025-01-22,22:12:16,-08:00,2025-01-22T22:12:16-08:00,0,70
style.css,51,css,66383aa7,Ria Juneja,2025-01-17,17:38:03,-08:00,2025-01-17T17:38:03-08:00,0,0
style.css,52,css,efbae06f,Ria Juneja,2025-01-17,18:21:30,-08:00,2025-01-17T18:21:30-08:00,0,0
style.css,53,css,66383aa7,Ria Juneja,2025-01-17,17:38:03,-08:00,2025-01-17T17:38:03-08:00,0,24
style.css,54,css,efbae06f,Ria Juneja,2025-01-17,18:21:30,-08:00,2025-01-17T18:21:30-08:00,0,13
style.css,55,css,66383aa7,Ria Juneja,2025-01-17,17:38:03,-08:00,2025-01-17T17:38:03-08:00,0,0
style.css,56,css,efbae06f,Ria Juneja,2025-01-17,18:21:30,-08:00,2025-01-17T18:21:30-08:00,0,0
style.css,57,css,efbae06f,Ria Juneja,2025-01-17,18:21:30,-08:00,2025-01-17T18:21:30-08:00,0,51
style.css,58,css,66383aa7,Ria Juneja,2025-01-17,17:38:03,-08:00,2025-01-17T17:38:03-08:00,0,14
style.css,59,css,66383aa7,Ria Juneja,2025-01-17,17:38:03,-08:00,2025-01-17T17:38:03-08:00,0,0
style.css,60,css,66383aa7,Ria Juneja,2025-01-17,17:38:03,-08:00,2025-01-17T17:38:03-08:00,0,0
style.css,61,css,efbae06f,Ria Juneja,2025-01-17,18:21:30,-08:00,2025-01-17T18:21:30-08:00,0,26
style.css,62,css,efbae06f,Ria Juneja,2025-01-17,18:21:30,-08:00,2025-01-17T18:21:30-08:00,0,11
style.css,63,css,efbae06f,Ria Juneja,2025-01-17,18:21:30,-08:00,2025-01-17T18:21:30-08:00,0,22
style.css,64,css,66383aa7,Ria Juneja,2025-01-17,17:38:03,-08:00,2025-01-17T17:38:03-08:00,0,14
style.css,65,css,66383aa7,Ria Juneja,2025-01-17,17:38:03,-08:00,2025-01-17T17:38:03-08:00,0,0
style.css,66,css,66383aa7,Ria Juneja,2025-01-17,17:38:03,-08:00,2025-01-17T17:38:03-08:00,0,0
style.css,67,css,66383aa7,Ria Juneja,2025-01-17,17:38:03,-08:00,2025-01-17T17:38:03-08:00,0,11
style.css,68,css,efbae06f,Ria Juneja,2025-01-17,18:21:30,-08:00,2025-01-17T18:21:30-08:00,0,19
style.css,69,css,efbae06f,Ria Juneja,2025-01-17,18:21:30,-08:00,2025-01-17T18:21:30-08:00,0,19
style.css,70,css,66383aa7,Ria Juneja,2025-01-17,17:38:03,-08:00,2025-01-17T17:38:03-08:00,0,13
style.css,71,css,efbae06f,Ria Juneja,2025-01-17,18:21:30,-08:00,2025-01-17T18:21:30-08:00,0,30
style.css,72,css,66383aa7,Ria Juneja,2025-01-17,17:38:03,-08:00,2025-01-17T17:38:03-08:00,0,0
style.css,73,css,efbae06f,Ria Juneja,2025-01-17,18:21:30,-08:00,2025-01-17T18:21:30-08:00,0,0
style.css,74,css,efbae06f,Ria Juneja,2025-01-17,18:21:30,-08:00,2025-01-17T18:21:30-08:00,0,12
style.css,75,css,66383aa7,Ria Juneja,2025-01-17,17:38:03,-08:00,2025-01-17T17:38:03-08:00,0,15
style.css,76,css,66383aa7,Ria Juneja,2025-01-17,17:38:03,-08:00,2025-01-17T17:38:03-08:00,0,14
style.css,77,css,66383aa7,Ria Juneja,2025-01-17,17:38:03,-08:00,2025-01-17T17:38:03-08:00,0,0
style.css,78,css,efbae06f,Ria Juneja,2025-01-17,18:21:30,-08:00,2025-01-17T18:21:30-08:00,0,0
style.css,79,css,efbae06f,Ria Juneja,2025-01-17,18:21:30,-08:00,2025-01-17T18:21:30-08:00,0,5
style.css,80,css,66383aa7,Ria Juneja,2025-01-17,17:38:03,-08:00,2025-01-17T17:38:03-08:00,0,13
style.css,81,css,66383aa7,Ria Juneja,2025-01-17,17:38:03,-08:00,2025-01-17T17:38:03-08:00,0,31
style.css,82,css,66383aa7,Ria Juneja,2025-01-17,17:38:03,-08:00,2025-01-17T17:38:03-08:00,0,8
style.css,83,css,66383aa7,Ria Juneja,2025-01-17,17:38:03,-08:00,2025-01-17T17:38:03-08:00,0,0
style.css,84,css,efbae06f,Ria Juneja,2025-01-17,18:21:30,-08:00,2025-01-17T18:21:30-08:00,0,0
style.css,85,css,efbae06f,Ria Juneja,2025-01-17,18:21:30,-08:00,2025-01-17T18:21:30-08:00,0,10
style.css,86,css,66383aa7,Ria Juneja,2025-01-17,17:38:03,-08:00,2025-01-17T17:38:03-08:00,0,13
style.css,87,css,efbae06f,Ria Juneja,2025-01-17,18:21:30,-08:00,2025-01-17T18:21:30-08:00,0,59
style.css,88,css,efbae06f,Ria Juneja,2025-01-17,18:21:30,-08:00,2025-01-17T18:21:30-08:00,0,8
style.css,89,css,66383aa7,Ria Juneja,2025-01-17,17:38:03,-08:00,2025-01-17T17:38:03-08:00,0,0
style.css,90,css,efbae06f,Ria Juneja,2025-01-17,18:21:30,-08:00,2025-01-17T18:21:30-08:00,0,0
style.css,91,css,66383aa7,Ria Juneja,2025-01-17,17:38:03,-08:00,2025-01-17T17:38:03-08:00,0,20
style.css,92,css,66383aa7,Ria Juneja,2025-01-17,17:38:03,-08:00,2025-01-17T17:38:03-08:00,0,13
style.css,93,css,66383aa7,Ria Juneja,2025-01-17,17:38:03,-08:00,2025-01-17T17:38:03-08:00,0,27
style.css,94,css,66383aa7,Ria Juneja,2025-01-17,17:38:03,-08:00,2025-01-17T17:38:03-08:00,0,16
style.css,95,css,66383aa7,Ria Juneja,2025-01-17,17:38:03,-08:00,2025-01-17T17:38:03-08:00,0,8
style.css,96,css,66383aa7,Ria Juneja,2025-01-17,17:38:03,-08:00,2025-01-17T17:38:03-08:00,0,0
style.css,97,css,efbae06f,Ria Juneja,2025-01-17,18:21:30,-08:00,2025-01-17T18:21:30-08:00,0,0
style.css,98,css,66383aa7,Ria Juneja,2025-01-17,17:38:03,-08:00,2025-01-17T17:38:03-08:00,0,23
style.css,99,css,66383aa7,Ria Juneja,2025-01-17,17:38:03,-08:00,2025-01-17T17:38:03-08:00,0,9
style.css,100,css,66383aa7,Ria Juneja,2025-01-17,17:38:03,-08:00,2025-01-17T17:38:03-08:00,0,0
style.css,101,css,efbae06f,Ria Juneja,2025-01-17,18:21:30,-08:00,2025-01-17T18:21:30-08:00,0,0
style.css,102,css,66383aa7,Ria Juneja,2025-01-17,17:38:03,-08:00,2025-01-17T17:38:03-08:00,0,3
style.css,103,css,efbae06f,Ria Juneja,2025-01-17,18:21:30,-08:00,2025-01-17T18:21:30-08:00,0,14
style.css,104,css,efbae06f,Ria Juneja,2025-01-17,18:21:30,-08:00,2025-01-17T18:21:30-08:00,0,16
style.css,105,css,efbae06f,Ria Juneja,2025-01-17,18:21:30,-08:00,2025-01-17T18:21:30-08:00,0,18
style.css,106,css,66383aa7,Ria Juneja,2025-01-17,17:38:03,-08:00,2025-01-17T17:38:03-08:00,0,15
style.css,107,css,66383aa7,Ria Juneja,2025-01-17,17:38:03,-08:00,2025-01-17T17:38:03-08:00,0,0
style.css,108,css,efbae06f,Ria Juneja,2025-01-17,18:21:30,-08:00,2025-01-17T18:21:30-08:00,0,0
style.css,109,css,66383aa7,Ria Juneja,2025-01-17,17:38:03,-08:00,2025-01-17T17:38:03-08:00,0,23
style.css,110,css,efbae06f,Ria Juneja,2025-01-17,18:21:30,-08:00,2025-01-17T18:21:30-08:00,0,16
style.css,111,css,efbae06f,Ria Juneja,2025-01-17,18:21:30,-08:00,2025-01-17T18:21:30-08:00,0,18
style.css,112,css,efbae06f,Ria Juneja,2025-01-17,18:21:30,-08:00,2025-01-17T18:21:30-08:00,0,15
style.css,113,css,66383aa7,Ria Juneja,2025-01-17,17:38:03,-08:00,2025-01-17T17:38:03-08:00,0,0
style.css,114,css,0715b70a,Ria Juneja,2025-01-17,18:51:22,-08:00,2025-01-17T18:51:22-08:00,0,4
style.css,115,css,0715b70a,Ria Juneja,2025-01-17,18:51:22,-08:00,2025-01-17T18:51:22-08:00,0,16
style.css,116,css,0715b70a,Ria Juneja,2025-01-17,18:51:22,-08:00,2025-01-17T18:51:22-08:00,0,12
style.css,117,css,0715b70a,Ria Juneja,2025-01-17,18:51:22,-08:00,2025-01-17T18:51:22-08:00,0,0
style.css,118,css,143ac4ed,Ria Juneja,2025-01-22,20:10:49,-08:00,2025-01-22T20:10:49-08:00,0,14
style.css,119,css,143ac4ed,Ria Juneja,2025-01-22,20:10:49,-08:00,2025-01-22T20:10:49-08:00,0,17
style.css,120,css,143ac4ed,Ria Juneja,2025-01-22,20:10:49,-08:00,2025-01-22T20:10:49-08:00,0,10
style.css,121,css,143ac4ed,Ria Juneja,2025-01-22,20:10:49,-08:00,2025-01-22T20:10:49-08:00,0,26
style.css,122,css,9132c63b,Ria Juneja,2025-01-22,22:12:16,-08:00,2025-01-22T22:12:16-08:00,0,0
style.css,123,css,9132c63b,Ria Juneja,2025-01-22,22:12:16,-08:00,2025-01-22T22:12:16-08:00,0,6
style.css,124,css,9132c63b,Ria Juneja,2025-01-22,22:12:16,-08:00,2025-01-22T22:12:16-08:00,0,24
style.css,125,css,9132c63b,Ria Juneja,2025-01-22,22:12:16,-08:00,2025-01-22T22:12:16-08:00,0,0
style.css,126,css,9132c63b,Ria Juneja,2025-01-22,22:12:16,-08:00,2025-01-22T22:12:16-08:00,0,2
style.css,127,css,9132c63b,Ria Juneja,2025-01-22,22:12:16,-08:00,2025-01-22T22:12:16-08:00,0,26
style.css,128,css,9132c63b,Ria Juneja,2025-01-22,22:12:16,-08:00,2025-01-22T22:12:16-08:00,0,0
style.css,129,css,9132c63b,Ria Juneja,2025-01-22,22:12:16,-08:00,2025-01-22T22:12:16-08:00,0,14
style.css,130,css,9132c63b,Ria Juneja,2025-01-22,22:12:16,-08:00,2025-01-22T22:12:16-08:00,0,18
style.css,131,css,9132c63b,Ria Juneja,2025-01-22,22:12:16,-08:00,2025-01-22T22:12:16-08:00,0,9
style.css,132,css,9132c63b,Ria Juneja,2025-01-22,22:12:16,-08:00,2025-01-22T22:12:16-08:00,0,11
style.css,133,css,9132c63b,Ria Juneja,2025-01-22,22:12:16,-08:00,2025-01-22T22:12:16-08:00,0,14
style.css,134,css,9132c63b,Ria Juneja,2025-01-22,22:12:16,-08:00,2025-01-22T22:12:16-08:00,0,20
style.css,135,css,9132c63b,Ria Juneja,2025-01-22,22:12:16,-08:00,2025-01-22T22:12:16-08:00,0,0
style.css,136,css,9132c63b,Ria Juneja,2025-01-22,22:12:16,-08:00,2025-01-22T22:12:16-08:00,0,0
style.css,137,css,9132c63b,Ria Juneja,2025-01-22,22:12:16,-08:00,2025-01-22T22:12:16-08:00,0,21
style.css,138,css,9132c63b,Ria Juneja,2025-01-22,22:12:16,-08:00,2025-01-22T22:12:16-08:00,0,20
style.css,139,css,9132c63b,Ria Juneja,2025-01-22,22:12:16,-08:00,2025-01-22T22:12:16-08:00,0,0
style.css,140,css,ed95e756,Ria Juneja,2025-02-07,19:34:37,-08:00,2025-02-07T19:34:37-08:00,0,0
style.css,141,css,ed95e756,Ria Juneja,2025-02-07,19:34:37,-08:00,2025-02-07T19:34:37-08:00,0,14
style.css,142,css,ed95e756,Ria Juneja,2025-02-07,19:34:37,-08:00,2025-02-07T19:34:37-08:00,0,11
style.css,143,css,ed95e756,Ria Juneja,2025-02-07,19:34:37,-08:00,2025-02-07T19:34:37-08:00,0,16
style.css,144,css,ed95e756,Ria Juneja,2025-02-07,19:34:37,-08:00,2025-02-07T19:34:37-08:00,0,15
style.css,145,css,ed95e756,Ria Juneja,2025-02-07,19:34:37,-08:00,2025-02-07T19:34:37-08:00,0,31
style.css,146,css,ed95e756,Ria Juneja,2025-02-07,19:34:37,-08:00,2025-02-07T19:34:37-08:00,0,35
style.css,147,css,ed95e756,Ria Juneja,2025-02-07,19:34:37,-08:00,2025-02-07T19:34:37-08:00,0,0
style.css,148,css,ed95e756,Ria Juneja,2025-02-07,19:34:37,-08:00,2025-02-07T19:34:37-08:00,0,19
style.css,149,css,ed95e756,Ria Juneja,2025-02-07,19:34:37,-08:00,2025-02-07T19:34:37-08:00,0,15
style.css,150,css,ed95e756,Ria Juneja,2025-02-07,19:34:37,-08:00,2025-02-07T19:34:37-08:00,0,17
style.css,151,css,ed95e756,Ria Juneja,2025-02-07,19:34:37,-08:00,2025-02-07T19:34:37-08:00,0,17
style.css,152,css,ed95e756,Ria Juneja,2025-02-07,19:34:37,-08:00,2025-02-07T19:34:37-08:00,0,0
style.css,153,css,ed95e756,Ria Juneja,2025-02-07,19:34:37,-08:00,2025-02-07T19:34:37-08:00,0,11
style.css,154,css,ed95e756,Ria Juneja,2025-02-07,19:34:37,-08:00,2025-02-07T19:34:37-08:00,0,13
style.css,155,css,ed95e756,Ria Juneja,2025-02-07,19:34:37,-08:00,2025-02-07T19:34:37-08:00,0,19
style.css,156,css,ed95e756,Ria Juneja,2025-02-07,19:34:37,-08:00,2025-02-07T19:34:37-08:00,0,8
style.css,157,css,ed95e756,Ria Juneja,2025-02-07,19:34:37,-08:00,2025-02-07T19:34:37-08:00,0,23
style.css,158,css,ed95e756,Ria Juneja,2025-02-07,19:34:37,-08:00,2025-02-07T19:34:37-08:00,0,15
style.css,159,css,ed95e756,Ria Juneja,2025-02-07,19:34:37,-08:00,2025-02-07T19:34:37-08:00,0,12
style.css,160,css,ed95e756,Ria Juneja,2025-02-07,19:34:37,-08:00,2025-02-07T19:34:37-08:00,0,12
style.css,161,css,ed95e756,Ria Juneja,2025-02-07,19:34:37,-08:00,2025-02-07T19:34:37-08:00,0,0
style.css,162,css,ed95e756,Ria Juneja,2025-02-07,19:34:37,-08:00,2025-02-07T19:34:37-08:00,0,0
style.css,163,css,ed95e756,Ria Juneja,2025-02-07,19:34:37,-08:00,2025-02-07T19:34:37-08:00,0,8
style.css,164,css,ed95e756,Ria Juneja,2025-02-07,19:34:37,-08:00,2025-02-07T19:34:37-08:00,0,13
style.css,165,css,ed95e756,Ria Juneja,2025-02-07,19:34:37,-08:00,2025-02-07T19:34:37-08:00,0,15
style.css,166,css,ed95e756,Ria Juneja,2025-02-07,19:34:37,-08:00,2025-02-07T19:34:37-08:00,0,10
style.css,167,css,ed95e756,Ria Juneja,2025-02-07,19:34:37,-08:00,2025-02-07T19:34:37-08:00,0,22
style.css,168,css,ed95e756,Ria Juneja,2025-02-07,19:34:37,-08:00,2025-02-07T19:34:37-08:00,0,12
style.css,169,css,ed95e756,Ria Juneja,2025-02-07,19:34:37,-08:00,2025-02-07T19:34:37-08:00,0,17
style.css,170,css,ed95e756,Ria Juneja,2025-02-07,19:34:37,-08:00,2025-02-07T19:34:37-08:00,0,18
style.css,171,css,ed95e756,Ria Juneja,2025-02-07,19:34:37,-08:00,2025-02-07T19:34:37-08:00,0,7
style.css,172,css,ed95e756,Ria Juneja,2025-02-07,19:34:37,-08:00,2025-02-07T19:34:37-08:00,0,23
style.css,173,css,ed95e756,Ria Juneja,2025-02-07,19:34:37,-08:00,2025-02-07T19:34:37-08:00,0,0
style.css,174,css,ed95e756,Ria Juneja,2025-02-07,19:34:37,-08:00,2025-02-07T19:34:37-08:00,0,0
style.css,175,css,ed95e756,Ria Juneja,2025-02-07,19:34:37,-08:00,2025-02-07T19:34:37-08:00,0,13
style.css,176,css,ed95e756,Ria Juneja,2025-02-07,19:34:37,-08:00,2025-02-07T19:34:37-08:00,0,13
style.css,177,css,ed95e756,Ria Juneja,2025-02-07,19:34:37,-08:00,2025-02-07T19:34:37-08:00,0,19
style.css,178,css,ed95e756,Ria Juneja,2025-02-07,19:34:37,-08:00,2025-02-07T19:34:37-08:00,0,10
style.css,179,css,ed95e756,Ria Juneja,2025-02-07,19:34:37,-08:00,2025-02-07T19:34:37-08:00,0,16
style.css,180,css,ed95e756,Ria Juneja,2025-02-07,19:34:37,-08:00,2025-02-07T19:34:37-08:00,0,0
style.css,181,css,ed95e756,Ria Juneja,2025-02-07,19:34:37,-08:00,2025-02-07T19:34:37-08:00,0,0
style.css,182,css,ed95e756,Ria Juneja,2025-02-07,19:34:37,-08:00,2025-02-07T19:34:37-08:00,0,21
style.css,183,css,ed95e756,Ria Juneja,2025-02-07,19:34:37,-08:00,2025-02-07T19:34:37-08:00,0,10
style.css,184,css,ed95e756,Ria Juneja,2025-02-07,19:34:37,-08:00,2025-02-07T19:34:37-08:00,0,11
style.css,185,css,ed95e756,Ria Juneja,2025-02-07,19:34:37,-08:00,2025-02-07T19:34:37-08:00,0,19
style.css,186,css,ed95e756,Ria Juneja,2025-02-07,19:34:37,-08:00,2025-02-07T19:34:37-08:00,0,30
style.css,187,css,ed95e756,Ria Juneja,2025-02-07,19:34:37,-08:00,2025-02-07T19:34:37-08:00,0,18
style.css,188,css,ed95e756,Ria Juneja,2025-02-07,19:34:37,-08:00,2025-02-07T19:34:37-08:00,0,21
style.css,189,css,ed95e756,Ria Juneja,2025-02-07,19:34:37,-08:00,2025-02-07T19:34:37-08:00,0,0
style.css,190,css,ed95e756,Ria Juneja,2025-02-07,19:34:37,-08:00,2025-02-07T19:34:37-08:00,0,24
style.css,191,css,ed95e756,Ria Juneja,2025-02-07,19:34:37,-08:00,2025-02-07T19:34:37-08:00,0,15
style.css,192,css,ed95e756,Ria Juneja,2025-02-07,19:34:37,-08:00,2025-02-07T19:34:37-08:00,0,37
style.css,193,css,ed95e756,Ria Juneja,2025-02-07,19:34:37,-08:00,2025-02-07T19:34:37-08:00,0,0
style.css,194,css,ed95e756,Ria Juneja,2025-02-07,19:34:37,-08:00,2025-02-07T19:34:37-08:00,0,0
style.css,195,css,ed95e756,Ria Juneja,2025-02-07,19:34:37,-08:00,2025-02-07T19:34:37-08:00,0,52
style.css,196,css,ed95e756,Ria Juneja,2025-02-07,19:34:37,-08:00,2025-02-07T19:34:37-08:00,0,12
style.css,197,css,ed95e756,Ria Juneja,2025-02-07,19:34:37,-08:00,2025-02-07T19:34:37-08:00,0,0
style.css,198,css,ed95e756,Ria Juneja,2025-02-07,19:34:37,-08:00,2025-02-07T19:34:37-08:00,0,0
style.css,199,css,ed95e756,Ria Juneja,2025-02-07,19:34:37,-08:00,2025-02-07T19:34:37-08:00,0,10
style.css,200,css,ed95e756,Ria Juneja,2025-02-07,19:34:37,-08:00,2025-02-07T19:34:37-08:00,0,36
style.css,201,css,ed95e756,Ria Juneja,2025-02-07,19:34:37,-08:00,2025-02-07T19:34:37-08:00,0,0
style.css,202,css,ed95e756,Ria Juneja,2025-02-07,19:34:37,-08:00,2025-02-07T19:34:37-08:00,0,0
style.css,203,css,ed95e756,Ria Juneja,2025-02-07,19:34:37,-08:00,2025-02-07T19:34:37-08:00,0,19
style.css,204,css,ed95e756,Ria Juneja,2025-02-07,19:34:37,-08:00,2025-02-07T19:34:37-08:00,0,18
style.css,205,css,ed95e756,Ria Juneja,2025-02-07,19:34:37,-08:00,2025-02-07T19:34:37-08:00,0,0
style.css,206,css,ed95e756,Ria Juneja,2025-02-07,19:34:37,-08:00,2025-02-07T19:34:37-08:00,0,0
style.css,207,css,ed95e756,Ria Juneja,2025-02-07,19:34:37,-08:00,2025-02-07T19:34:37-08:00,0,22
style.css,208,css,ed95e756,Ria Juneja,2025-02-07,19:34:37,-08:00,2025-02-07T19:34:37-08:00,0,17
style.css,209,css,ed95e756,Ria Juneja,2025-02-07,19:34:37,-08:00,2025-02-07T19:34:37-08:00,0,26
style.css,210,css,ed95e756,Ria Juneja,2025-02-07,19:34:37,-08:00,2025-02-07T19:34:37-08:00,0,0
style.css,211,css,ed95e756,Ria Juneja,2025-02-07,19:34:37,-08:00,2025-02-07T19:34:37-08:00,0,0
style.css,212,css,ed95e756,Ria Juneja,2025-02-07,19:34:37,-08:00,2025-02-07T19:34:37-08:00,0,0
style.css,213,css,ed95e756,Ria Juneja,2025-02-07,19:34:37,-08:00,2025-02-07T19:34:37-08:00,0,0
style.css,214,css,ed95e756,Ria Juneja,2025-02-07,19:34:37,-08:00,2025-02-07T19:34:37-08:00,0,0
style.css,215,css,ed95e756,Ria Juneja,2025-02-07,19:34:37,-08:00,2025-02-07T19:34:37-08:00,0,0
style.css,216,css,ed95e756,Ria Juneja,2025-02-07,19:34:37,-08:00,2025-02-07T19:34:37-08:00,0,0
style.css,217,css,ed95e756,Ria Juneja,2025-02-07,19:34:37,-08:00,2025-02-07T19:34:37-08:00,0,0
index.js,1,js,3dc879a8,Ria Juneja,2025-01-30,23:17:06,-08:00,2025-01-30T23:17:06-08:00,0,72
index.js,2,js,c4161756,Ria Juneja,2025-01-30,23:26:37,-08:00,2025-01-30T23:26:37-08:00,0,55
index.js,3,js,c8411c0b,Ria Juneja,2025-01-29,01:28:45,-08:00,2025-01-29T01:28:45-08:00,0,43
index.js,4,js,c8411c0b,Ria Juneja,2025-01-29,01:28:45,-08:00,2025-01-29T01:28:45-08:00,0,61
index.js,5,js,c8411c0b,Ria Juneja,2025-01-29,01:28:45,-08:00,2025-01-29T01:28:45-08:00,0,55
index.js,6,js,7f13126b,Ria Juneja,2025-01-29,01:37:32,-08:00,2025-01-29T01:37:32-08:00,0,53
index.js,7,js,c8411c0b,Ria Juneja,2025-01-29,01:28:45,-08:00,2025-01-29T01:28:45-08:00,0,61
index.js,8,js,c8411c0b,Ria Juneja,2025-01-29,01:28:45,-08:00,2025-01-29T01:28:45-08:00,0,18
index.js,9,js,c8411c0b,Ria Juneja,2025-01-29,01:28:45,-08:00,2025-01-29T01:28:45-08:00,0,25
index.js,10,js,c8411c0b,Ria Juneja,2025-01-29,01:28:45,-08:00,2025-01-29T01:28:45-08:00,0,3
index.js,11,js,c8411c0b,Ria Juneja,2025-01-29,01:28:45,-08:00,2025-01-29T01:28:45-08:00,0,56
index.js,12,js,c8411c0b,Ria Juneja,2025-01-29,01:28:45,-08:00,2025-01-29T01:28:45-08:00,0,56
index.js,13,js,c8411c0b,Ria Juneja,2025-01-29,01:28:45,-08:00,2025-01-29T01:28:45-08:00,0,50
index.js,14,js,c8411c0b,Ria Juneja,2025-01-29,01:28:45,-08:00,2025-01-29T01:28:45-08:00,0,50
index.js,15,js,c8411c0b,Ria Juneja,2025-01-29,01:28:45,-08:00,2025-01-29T01:28:45-08:00,0,4
index.js,16,js,c8411c0b,Ria Juneja,2025-01-29,01:28:45,-08:00,2025-01-29T01:28:45-08:00,0,1
index.js,17,js,c8411c0b,Ria Juneja,2025-01-29,01:28:45,-08:00,2025-01-29T01:28:45-08:00,0,0
index.html,1,html,246c681c,Ria Juneja,2025-01-10,16:30:08,+05:30,2025-01-10T16:30:08+05:30,0,14
index.html,2,html,88fcfc3e,Ria Juneja,2025-01-22,22:59:20,-08:00,2025-01-22T22:59:20-08:00,0,28
index.html,3,html,246c681c,Ria Juneja,2025-01-10,16:30:08,+05:30,2025-01-10T16:30:08+05:30,0,5
index.html,4,html,246c681c,Ria Juneja,2025-01-10,16:30:08,+05:30,2025-01-10T16:30:08+05:30,0,21
index.html,5,html,246c681c,Ria Juneja,2025-01-10,16:30:08,+05:30,2025-01-10T16:30:08+05:30,0,69
index.html,6,html,e881219b,Ria Juneja,2025-01-10,16:54:34,+05:30,2025-01-10T16:54:34+05:30,0,53
index.html,7,html,5dfbb218,Ria Juneja,2025-01-17,18:11:00,-08:00,2025-01-17T18:11:00-08:00,0,39
index.html,8,html,246c681c,Ria Juneja,2025-01-10,16:30:08,+05:30,2025-01-10T16:30:08+05:30,0,6
index.html,9,html,246c681c,Ria Juneja,2025-01-10,16:30:08,+05:30,2025-01-10T16:30:08+05:30,0,5
index.html,10,html,bf784f87,Ria Juneja,2025-01-22,21:25:11,-08:00,2025-01-22T21:25:11-08:00,0,9
index.html,11,html,bf784f87,Ria Juneja,2025-01-22,21:25:11,-08:00,2025-01-22T21:25:11-08:00,0,29
index.html,12,html,fd19dfc4,Ria Juneja,2025-01-17,18:19:39,-08:00,2025-01-17T18:19:39-08:00,0,41
index.html,13,html,fd19dfc4,Ria Juneja,2025-01-17,18:19:39,-08:00,2025-01-17T18:19:39-08:00,0,39
index.html,14,html,b4908046,Ria Juneja,2025-01-17,18:32:50,-08:00,2025-01-17T18:32:50-08:00,0,37
index.html,15,html,fd19dfc4,Ria Juneja,2025-01-17,18:19:39,-08:00,2025-01-17T18:19:39-08:00,0,64
index.html,16,html,bf784f87,Ria Juneja,2025-01-22,21:25:11,-08:00,2025-01-22T21:25:11-08:00,0,9
index.html,17,html,78d804ea,Ria Juneja,2025-01-10,16:57:35,+05:30,2025-01-10T16:57:35+05:30,0,0
index.html,18,html,a64ad53b,Ria Juneja,2025-01-10,17:07:48,+05:30,2025-01-10T17:07:48+05:30,0,0
index.html,19,html,78d804ea,Ria Juneja,2025-01-10,16:57:35,+05:30,2025-01-10T16:57:35+05:30,0,18
index.html,20,html,c4161756,Ria Juneja,2025-01-30,23:26:37,-08:00,2025-01-30T23:26:37-08:00,0,58
index.html,21,html,110a0d46,Ria Juneja,2025-01-17,18:47:19,-08:00,2025-01-17T18:47:19-08:00,0,46
index.html,22,html,ccf6955b,Ria Juneja,2025-01-30,22:44:35,-08:00,2025-01-30T22:44:35-08:00,0,0
index.html,23,html,ccf6955b,Ria Juneja,2025-01-30,22:44:35,-08:00,2025-01-30T22:44:35-08:00,0,23
index.html,24,html,ccf6955b,Ria Juneja,2025-01-30,22:44:35,-08:00,2025-01-30T22:44:35-08:00,0,27
index.html,25,html,ccf6955b,Ria Juneja,2025-01-30,22:44:35,-08:00,2025-01-30T22:44:35-08:00,0,23
index.html,26,html,ccf6955b,Ria Juneja,2025-01-30,22:44:35,-08:00,2025-01-30T22:44:35-08:00,0,29
index.html,27,html,ccf6955b,Ria Juneja,2025-01-30,22:44:35,-08:00,2025-01-30T22:44:35-08:00,0,0
index.html,28,html,ccf6955b,Ria Juneja,2025-01-30,22:44:35,-08:00,2025-01-30T22:44:35-08:00,0,0
index.html,29,html,c4161756,Ria Juneja,2025-01-30,23:26:37,-08:00,2025-01-30T23:26:37-08:00,0,46
index.html,30,html,c4161756,Ria Juneja,2025-01-30,23:26:37,-08:00,2025-01-30T23:26:37-08:00,0,51
index.html,31,html,dcfbc216,Ria Juneja,2025-01-22,19:56:56,-08:00,2025-01-22T19:56:56-08:00,0,0
index.html,32,html,246c681c,Ria Juneja,2025-01-10,16:30:08,+05:30,2025-01-10T16:30:08+05:30,0,6
index.html,33,html,e881219b,Ria Juneja,2025-01-10,16:54:34,+05:30,2025-01-10T16:54:34+05:30,0,6
global.js,1,js,9132c63b,Ria Juneja,2025-01-22,22:12:16,-08:00,2025-01-22T22:12:16-08:00,0,57
global.js,2,js,dcfbc216,Ria Juneja,2025-01-22,19:56:56,-08:00,2025-01-22T19:56:56-08:00,0,0
global.js,3,js,dcfbc216,Ria Juneja,2025-01-22,19:56:56,-08:00,2025-01-22T19:56:56-08:00,0,42
global.js,4,js,dcfbc216,Ria Juneja,2025-01-22,19:56:56,-08:00,2025-01-22T19:56:56-08:00,0,53
global.js,5,js,143ac4ed,Ria Juneja,2025-01-22,20:10:49,-08:00,2025-01-22T20:10:49-08:00,0,0
global.js,6,js,143ac4ed,Ria Juneja,2025-01-22,20:10:49,-08:00,2025-01-22T20:10:49-08:00,0,0
global.js,7,js,bf784f87,Ria Juneja,2025-01-22,21:25:11,-08:00,2025-01-22T21:25:11-08:00,0,12
global.js,8,js,9132c63b,Ria Juneja,2025-01-22,22:12:16,-08:00,2025-01-22T22:12:16-08:00,0,26
global.js,9,js,88fcfc3e,Ria Juneja,2025-01-22,22:59:20,-08:00,2025-01-22T22:59:20-08:00,0,49
global.js,10,js,88fcfc3e,Ria Juneja,2025-01-22,22:59:20,-08:00,2025-01-22T22:59:20-08:00,0,47
global.js,11,js,88fcfc3e,Ria Juneja,2025-01-22,22:59:20,-08:00,2025-01-22T22:59:20-08:00,0,45
global.js,12,js,bf784f87,Ria Juneja,2025-01-22,21:25:11,-08:00,2025-01-22T21:25:11-08:00,0,1
global.js,13,js,bf784f87,Ria Juneja,2025-01-22,21:25:11,-08:00,2025-01-22T21:25:11-08:00,0,0
global.js,14,js,bf784f87,Ria Juneja,2025-01-22,21:25:11,-08:00,2025-01-22T21:25:11-08:00,0,39
global.js,15,js,bf784f87,Ria Juneja,2025-01-22,21:25:11,-08:00,2025-01-22T21:25:11-08:00,0,26
global.js,16,js,bf784f87,Ria Juneja,2025-01-22,21:25:11,-08:00,2025-01-22T21:25:11-08:00,0,0
global.js,17,js,bf784f87,Ria Juneja,2025-01-22,21:25:11,-08:00,2025-01-22T21:25:11-08:00,0,71
global.js,18,js,bf784f87,Ria Juneja,2025-01-22,21:25:11,-08:00,2025-01-22T21:25:11-08:00,0,0
global.js,19,js,bf784f87,Ria Juneja,2025-01-22,21:25:11,-08:00,2025-01-22T21:25:11-08:00,0,21
global.js,20,js,88fcfc3e,Ria Juneja,2025-01-22,22:59:20,-08:00,2025-01-22T22:59:20-08:00,0,15
global.js,21,js,88fcfc3e,Ria Juneja,2025-01-22,22:59:20,-08:00,2025-01-22T22:59:20-08:00,0,45
global.js,22,js,88fcfc3e,Ria Juneja,2025-01-22,22:59:20,-08:00,2025-01-22T22:59:20-08:00,0,17
global.js,23,js,88fcfc3e,Ria Juneja,2025-01-22,22:59:20,-08:00,2025-01-22T22:59:20-08:00,0,0
global.js,24,js,88fcfc3e,Ria Juneja,2025-01-22,22:59:20,-08:00,2025-01-22T22:59:20-08:00,0,0
global.js,25,js,88fcfc3e,Ria Juneja,2025-01-22,22:59:20,-08:00,2025-01-22T22:59:20-08:00,0,35
global.js,26,js,88fcfc3e,Ria Juneja,2025-01-22,22:59:20,-08:00,2025-01-22T22:59:20-08:00,0,12
global.js,27,js,88fcfc3e,Ria Juneja,2025-01-22,22:59:20,-08:00,2025-01-22T22:59:20-08:00,0,23
global.js,28,js,88fcfc3e,Ria Juneja,2025-01-22,22:59:20,-08:00,2025-01-22T22:59:20-08:00,0,18
global.js,29,js,9132c63b,Ria Juneja,2025-01-22,22:12:16,-08:00,2025-01-22T22:12:16-08:00,0,9
global.js,30,js,9132c63b,Ria Juneja,2025-01-22,22:12:16,-08:00,2025-01-22T22:12:16-08:00,0,59
global.js,31,js,88fcfc3e,Ria Juneja,2025-01-22,22:59:20,-08:00,2025-01-22T22:59:20-08:00,0,1
global.js,32,js,88fcfc3e,Ria Juneja,2025-01-22,22:59:20,-08:00,2025-01-22T22:59:20-08:00,0,51
global.js,33,js,88fcfc3e,Ria Juneja,2025-01-22,22:59:20,-08:00,2025-01-22T22:59:20-08:00,0,13
global.js,34,js,9132c63b,Ria Juneja,2025-01-22,22:12:16,-08:00,2025-01-22T22:12:16-08:00,0,0
global.js,35,js,9132c63b,Ria Juneja,2025-01-22,22:12:16,-08:00,2025-01-22T22:12:16-08:00,0,0
global.js,36,js,9132c63b,Ria Juneja,2025-01-22,22:12:16,-08:00,2025-01-22T22:12:16-08:00,0,32
global.js,37,js,9132c63b,Ria Juneja,2025-01-22,22:12:16,-08:00,2025-01-22T22:12:16-08:00,0,12
global.js,38,js,9132c63b,Ria Juneja,2025-01-22,22:12:16,-08:00,2025-01-22T22:12:16-08:00,0,0
global.js,39,js,9132c63b,Ria Juneja,2025-01-22,22:12:16,-08:00,2025-01-22T22:12:16-08:00,0,27
global.js,40,js,9132c63b,Ria Juneja,2025-01-22,22:12:16,-08:00,2025-01-22T22:12:16-08:00,0,5
global.js,41,js,9132c63b,Ria Juneja,2025-01-22,22:12:16,-08:00,2025-01-22T22:12:16-08:00,0,7
global.js,42,js,9132c63b,Ria Juneja,2025-01-22,22:12:16,-08:00,2025-01-22T22:12:16-08:00,0,44
global.js,43,js,9132c63b,Ria Juneja,2025-01-22,22:12:16,-08:00,2025-01-22T22:12:16-08:00,0,35
global.js,44,js,9132c63b,Ria Juneja,2025-01-22,22:12:16,-08:00,2025-01-22T22:12:16-08:00,0,33
global.js,45,js,9132c63b,Ria Juneja,2025-01-22,22:12:16,-08:00,2025-01-22T22:12:16-08:00,0,8
global.js,46,js,9132c63b,Ria Juneja,2025-01-22,22:12:16,-08:00,2025-01-22T22:12:16-08:00,0,7
global.js,47,js,9132c63b,Ria Juneja,2025-01-22,22:12:16,-08:00,2025-01-22T22:12:16-08:00,0,0
global.js,48,js,9132c63b,Ria Juneja,2025-01-22,22:12:16,-08:00,2025-01-22T22:12:16-08:00,0,1
global.js,49,js,9132c63b,Ria Juneja,2025-01-22,22:12:16,-08:00,2025-01-22T22:12:16-08:00,0,0
global.js,50,js,9132c63b,Ria Juneja,2025-01-22,22:12:16,-08:00,2025-01-22T22:12:16-08:00,0,61
global.js,51,js,9132c63b,Ria Juneja,2025-01-22,22:12:16,-08:00,2025-01-22T22:12:16-08:00,0,0
global.js,52,js,9132c63b,Ria Juneja,2025-01-22,22:12:16,-08:00,2025-01-22T22:12:16-08:00,0,37
global.js,53,js,9132c63b,Ria Juneja,2025-01-22,22:12:16,-08:00,2025-01-22T22:12:16-08:00,0,71
global.js,54,js,9132c63b,Ria Juneja,2025-01-22,22:12:16,-08:00,2025-01-22T22:12:16-08:00,0,26
global.js,55,js,9132c63b,Ria Juneja,2025-01-22,22:12:16,-08:00,2025-01-22T22:12:16-08:00,0,0
global.js,56,js,9132c63b,Ria Juneja,2025-01-22,22:12:16,-08:00,2025-01-22T22:12:16-08:00,0,0
global.js,57,js,9132c63b,Ria Juneja,2025-01-22,22:12:16,-08:00,2025-01-22T22:12:16-08:00,0,35
global.js,58,js,9132c63b,Ria Juneja,2025-01-22,22:12:16,-08:00,2025-01-22T22:12:16-08:00,0,40
global.js,59,js,9132c63b,Ria Juneja,2025-01-22,22:12:16,-08:00,2025-01-22T22:12:16-08:00,0,7
global.js,60,js,9132c63b,Ria Juneja,2025-01-22,22:12:16,-08:00,2025-01-22T22:12:16-08:00,0,28
global.js,61,js,9132c63b,Ria Juneja,2025-01-22,22:12:16,-08:00,2025-01-22T22:12:16-08:00,0,0
global.js,62,js,9132c63b,Ria Juneja,2025-01-22,22:12:16,-08:00,2025-01-22T22:12:16-08:00,0,0
global.js,63,js,9132c63b,Ria Juneja,2025-01-22,22:12:16,-08:00,2025-01-22T22:12:16-08:00,0,50
global.js,64,js,9132c63b,Ria Juneja,2025-01-22,22:12:16,-08:00,2025-01-22T22:12:16-08:00,0,59
global.js,65,js,9132c63b,Ria Juneja,2025-01-22,22:12:16,-08:00,2025-01-22T22:12:16-08:00,0,34
global.js,66,js,9132c63b,Ria Juneja,2025-01-22,22:12:16,-08:00,2025-01-22T22:12:16-08:00,0,45
global.js,67,js,9132c63b,Ria Juneja,2025-01-22,22:12:16,-08:00,2025-01-22T22:12:16-08:00,0,2
global.js,68,js,c8411c0b,Ria Juneja,2025-01-29,01:28:45,-08:00,2025-01-29T01:28:45-08:00,0,0
global.js,69,js,c8411c0b,Ria Juneja,2025-01-29,01:28:45,-08:00,2025-01-29T01:28:45-08:00,0,37
global.js,70,js,c8411c0b,Ria Juneja,2025-01-29,01:28:45,-08:00,2025-01-29T01:28:45-08:00,0,4
global.js,71,js,c8411c0b,Ria Juneja,2025-01-29,01:28:45,-08:00,2025-01-29T01:28:45-08:00,0,40
global.js,72,js,c8411c0b,Ria Juneja,2025-01-29,01:28:45,-08:00,2025-01-29T01:28:45-08:00,0,33
global.js,73,js,c8411c0b,Ria Juneja,2025-01-29,01:28:45,-08:00,2025-01-29T01:28:45-08:00,0,18
global.js,74,js,c8411c0b,Ria Juneja,2025-01-29,01:28:45,-08:00,2025-01-29T01:28:45-08:00,0,67
global.js,75,js,c8411c0b,Ria Juneja,2025-01-29,01:28:45,-08:00,2025-01-29T01:28:45-08:00,0,0
global.js,76,js,c8411c0b,Ria Juneja,2025-01-29,01:28:45,-08:00,2025-01-29T01:28:45-08:00,0,34
global.js,77,js,c8411c0b,Ria Juneja,2025-01-29,01:28:45,-08:00,2025-01-29T01:28:45-08:00,0,11
global.js,78,js,c8411c0b,Ria Juneja,2025-01-29,01:28:45,-08:00,2025-01-29T01:28:45-08:00,0,0
global.js,79,js,c8411c0b,Ria Juneja,2025-01-29,01:28:45,-08:00,2025-01-29T01:28:45-08:00,0,16
global.js,80,js,c8411c0b,Ria Juneja,2025-01-29,01:28:45,-08:00,2025-01-29T01:28:45-08:00,0,60
global.js,81,js,c8411c0b,Ria Juneja,2025-01-29,01:28:45,-08:00,2025-01-29T01:28:45-08:00,0,0
global.js,82,js,c8411c0b,Ria Juneja,2025-01-29,01:28:45,-08:00,2025-01-29T01:28:45-08:00,0,0
global.js,83,js,ccf6955b,Ria Juneja,2025-01-30,22:44:35,-08:00,2025-01-30T22:44:35-08:00,0,79
global.js,84,js,ccf6955b,Ria Juneja,2025-01-30,22:44:35,-08:00,2025-01-30T22:44:35-08:00,0,24
global.js,85,js,ccf6955b,Ria Juneja,2025-01-30,22:44:35,-08:00,2025-01-30T22:44:35-08:00,0,31
global.js,86,js,dc80e4dc,Ria Juneja,2025-01-30,02:22:14,-08:00,2025-01-30T02:22:14-08:00,0,58
global.js,87,js,ccf6955b,Ria Juneja,2025-01-30,22:44:35,-08:00,2025-01-30T22:44:35-08:00,0,43
global.js,88,js,ccf6955b,Ria Juneja,2025-01-30,22:44:35,-08:00,2025-01-30T22:44:35-08:00,0,73
global.js,89,js,ccf6955b,Ria Juneja,2025-01-30,22:44:35,-08:00,2025-01-30T22:44:35-08:00,0,19
global.js,90,js,ccf6955b,Ria Juneja,2025-01-30,22:44:35,-08:00,2025-01-30T22:44:35-08:00,0,0
global.js,91,js,ccf6955b,Ria Juneja,2025-01-30,22:44:35,-08:00,2025-01-30T22:44:35-08:00,0,26
global.js,92,js,ccf6955b,Ria Juneja,2025-01-30,22:44:35,-08:00,2025-01-30T22:44:35-08:00,0,49
global.js,93,js,ccf6955b,Ria Juneja,2025-01-30,22:44:35,-08:00,2025-01-30T22:44:35-08:00,0,0
global.js,94,js,ccf6955b,Ria Juneja,2025-01-30,22:44:35,-08:00,2025-01-30T22:44:35-08:00,0,20
global.js,95,js,ed95e756,Ria Juneja,2025-02-07,19:34:37,-08:00,2025-02-07T19:34:37-08:00,0,30
global.js,96,js,ed95e756,Ria Juneja,2025-02-07,19:34:37,-08:00,2025-02-07T19:34:37-08:00,0,21
global.js,97,js,ed95e756,Ria Juneja,2025-02-07,19:34:37,-08:00,2025-02-07T19:34:37-08:00,0,25
global.js,98,js,ed95e756,Ria Juneja,2025-02-07,19:34:37,-08:00,2025-02-07T19:34:37-08:00,0,44
global.js,99,js,ed95e756,Ria Juneja,2025-02-07,19:34:37,-08:00,2025-02-07T19:34:37-08:00,0,42
global.js,100,js,ed95e756,Ria Juneja,2025-02-07,19:34:37,-08:00,2025-02-07T19:34:37-08:00,0,5
global.js,101,js,ccf6955b,Ria Juneja,2025-01-30,22:44:35,-08:00,2025-01-30T22:44:35-08:00,0,1
global.js,102,js,ccf6955b,Ria Juneja,2025-01-30,22:44:35,-08:00,2025-01-30T22:44:35-08:00,0,37
global.js,103,js,dc80e4dc,Ria Juneja,2025-01-30,02:22:14,-08:00,2025-01-30T02:22:14-08:00,0,0
global.js,104,js,dc80e4dc,Ria Juneja,2025-01-30,02:22:14,-08:00,2025-01-30T02:22:14-08:00,0,0
global.js,105,js,c8411c0b,Ria Juneja,2025-01-29,01:28:45,-08:00,2025-01-29T01:28:45-08:00,0,0
global.js,106,js,dc80e4dc,Ria Juneja,2025-01-30,02:22:14,-08:00,2025-01-30T02:22:14-08:00,0,0
global.js,107,js,c8411c0b,Ria Juneja,2025-01-29,01:28:45,-08:00,2025-01-29T01:28:45-08:00,0,48
global.js,108,js,c8411c0b,Ria Juneja,2025-01-29,01:28:45,-08:00,2025-01-29T01:28:45-08:00,0,23
global.js,109,js,7f13126b,Ria Juneja,2025-01-29,01:37:32,-08:00,2025-01-29T01:37:32-08:00,0,60
global.js,110,js,ccf6955b,Ria Juneja,2025-01-30,22:44:35,-08:00,2025-01-30T22:44:35-08:00,0,0
global.js,111,js,ccf6955b,Ria Juneja,2025-01-30,22:44:35,-08:00,2025-01-30T22:44:35-08:00,0,0
global.js,112,js,ccf6955b,Ria Juneja,2025-01-30,22:44:35,-08:00,2025-01-30T22:44:35-08:00,0,0
resume/index.html,1,html,a64ad53b,Ria Juneja,2025-01-10,17:07:48,+05:30,2025-01-10T17:07:48+05:30,0,14
resume/index.html,2,html,a64ad53b,Ria Juneja,2025-01-10,17:07:48,+05:30,2025-01-10T17:07:48+05:30,0,15
resume/index.html,3,html,a64ad53b,Ria Juneja,2025-01-10,17:07:48,+05:30,2025-01-10T17:07:48+05:30,0,5
resume/index.html,4,html,a64ad53b,Ria Juneja,2025-01-10,17:07:48,+05:30,2025-01-10T17:07:48+05:30,0,21
resume/index.html,5,html,a64ad53b,Ria Juneja,2025-01-10,17:07:48,+05:30,2025-01-10T17:07:48+05:30,0,69
resume/index.html,6,html,a64ad53b,Ria Juneja,2025-01-10,17:07:48,+05:30,2025-01-10T17:07:48+05:30,0,35
resume/index.html,7,html,7b40e4c3,Ria Juneja,2025-01-17,18:24:42,-08:00,2025-01-17T18:24:42-08:00,0,42
resume/index.html,8,html,a64ad53b,Ria Juneja,2025-01-10,17:07:48,+05:30,2025-01-10T17:07:48+05:30,0,6
resume/index.html,9,html,a64ad53b,Ria Juneja,2025-01-10,17:07:48,+05:30,2025-01-10T17:07:48+05:30,0,5
resume/index.html,10,html,bf784f87,Ria Juneja,2025-01-22,21:25:11,-08:00,2025-01-22T21:25:11-08:00,0,9
resume/index.html,11,html,fd19dfc4,Ria Juneja,2025-01-17,18:19:39,-08:00,2025-01-17T18:19:39-08:00,0,31
resume/index.html,12,html,fd19dfc4,Ria Juneja,2025-01-17,18:19:39,-08:00,2025-01-17T18:19:39-08:00,0,44
resume/index.html,13,html,fd19dfc4,Ria Juneja,2025-01-17,18:19:39,-08:00,2025-01-17T18:19:39-08:00,0,42
resume/index.html,14,html,143ac4ed,Ria Juneja,2025-01-22,20:10:49,-08:00,2025-01-22T20:10:49-08:00,0,31
resume/index.html,15,html,fd19dfc4,Ria Juneja,2025-01-17,18:19:39,-08:00,2025-01-17T18:19:39-08:00,0,64
resume/index.html,16,html,bf784f87,Ria Juneja,2025-01-22,21:25:11,-08:00,2025-01-22T21:25:11-08:00,0,9
resume/index.html,17,html,a64ad53b,Ria Juneja,2025-01-10,17:07:48,+05:30,2025-01-10T17:07:48+05:30,0,0
resume/index.html,18,html,a64ad53b,Ria Juneja,2025-01-10,17:07:48,+05:30,2025-01-10T17:07:48+05:30,0,7
resume/index.html,19,html,a64ad53b,Ria Juneja,2025-01-10,17:07:48,+05:30,2025-01-10T17:07:48+05:30,0,18
resume/index.html,20,html,54078f64,Ria Juneja,2025-01-17,18:38:03,-08:00,2025-01-17T18:38:03-08:00,0,25
resume/index.html,21,html,54078f64,Ria Juneja,2025-01-17,18:38:03,-08:00,2025-01-17T18:38:03-08:00,0,39
resume/index.html,22,html,54078f64,Ria Juneja,2025-01-17,18:38:03,-08:00,2025-01-17T18:38:03-08:00,0,84
resume/index.html,23,html,28e98b44,Ria Juneja,2025-01-17,18:42:08,-08:00,2025-01-17T18:42:08-08:00,0,89
resume/index.html,24,html,54078f64,Ria Juneja,2025-01-17,18:38:03,-08:00,2025-01-17T18:38:03-08:00,0,51
resume/index.html,25,html,54078f64,Ria Juneja,2025-01-17,18:38:03,-08:00,2025-01-17T18:38:03-08:00,0,42
resume/index.html,26,html,54078f64,Ria Juneja,2025-01-17,18:38:03,-08:00,2025-01-17T18:38:03-08:00,0,5
resume/index.html,27,html,54078f64,Ria Juneja,2025-01-17,18:38:03,-08:00,2025-01-17T18:38:03-08:00,0,0
resume/index.html,28,html,54078f64,Ria Juneja,2025-01-17,18:38:03,-08:00,2025-01-17T18:38:03-08:00,0,20
resume/index.html,29,html,54078f64,Ria Juneja,2025-01-17,18:38:03,-08:00,2025-01-17T18:38:03-08:00,0,27
resume/index.html,30,html,54078f64,Ria Juneja,2025-01-17,18:38:03,-08:00,2025-01-17T18:38:03-08:00,0,31
resume/index.html,31,html,54078f64,Ria Juneja,2025-01-17,18:38:03,-08:00,2025-01-17T18:38:03-08:00,0,5
resume/index.html,32,html,a64ad53b,Ria Juneja,2025-01-10,17:07:48,+05:30,2025-01-10T17:07:48+05:30,0,3
resume/index.html,33,html,54078f64,Ria Juneja,2025-01-17,18:38:03,-08:00,2025-01-17T18:38:03-08:00,0,60
resume/index.html,34,html,54078f64,Ria Juneja,2025-01-17,18:38:03,-08:00,2025-01-17T18:38:03-08:00,0,36
resume/index.html,35,html,54078f64,Ria Juneja,2025-01-17,18:38:03,-08:00,2025-01-17T18:38:03-08:00,0,143
resume/index.html,36,html,54078f64,Ria Juneja,2025-01-17,18:38:03,-08:00,2025-01-17T18:38:03-08:00,0,4
resume/index.html,37,html,54078f64,Ria Juneja,2025-01-17,18:38:03,-08:00,2025-01-17T18:38:03-08:00,0,60
resume/index.html,38,html,54078f64,Ria Juneja,2025-01-17,18:38:03,-08:00,2025-01-17T18:38:03-08:00,0,54
resume/index.html,39,html,54078f64,Ria Juneja,2025-01-17,18:38:03,-08:00,2025-01-17T18:38:03-08:00,0,4
resume/index.html,40,html,54078f64,Ria Juneja,2025-01-17,18:38:03,-08:00,2025-01-17T18:38:03-08:00,0,45
resume/index.html,41,html,54078f64,Ria Juneja,2025-01-17,18:38:03,-08:00,2025-01-17T18:38:03-08:00,0,15
resume/index.html,42,html,54078f64,Ria Juneja,2025-01-17,18:38:03,-08:00,2025-01-17T18:38:03-08:00,0,4
resume/index.html,43,html,54078f64,Ria Juneja,2025-01-17,18:38:03,-08:00,2025-01-17T18:38:03-08:00,0,36
resume/index.html,44,html,54078f64,Ria Juneja,2025-01-17,18:38:03,-08:00,2025-01-17T18:38:03-08:00,0,53
resume/index.html,45,html,54078f64,Ria Juneja,2025-01-17,18:38:03,-08:00,2025-01-17T18:38:03-08:00,0,36
resume/index.html,46,html,54078f64,Ria Juneja,2025-01-17,18:38:03,-08:00,2025-01-17T18:38:03-08:00,0,50
resume/index.html,47,html,54078f64,Ria Juneja,2025-01-17,18:38:03,-08:00,2025-01-17T18:38:03-08:00,0,4
resume/index.html,48,html,a64ad53b,Ria Juneja,2025-01-10,17:07:48,+05:30,2025-01-10T17:07:48+05:30,0,4
resume/index.html,49,html,54078f64,Ria Juneja,2025-01-17,18:38:03,-08:00,2025-01-17T18:38:03-08:00,0,5
resume/index.html,50,html,54078f64,Ria Juneja,2025-01-17,18:38:03,-08:00,2025-01-17T18:38:03-08:00,0,0
resume/index.html,51,html,54078f64,Ria Juneja,2025-01-17,18:38:03,-08:00,2025-01-17T18:38:03-08:00,0,20
resume/index.html,52,html,54078f64,Ria Juneja,2025-01-17,18:38:03,-08:00,2025-01-17T18:38:03-08:00,0,27
resume/index.html,53,html,54078f64,Ria Juneja,2025-01-17,18:38:03,-08:00,2025-01-17T18:38:03-08:00,0,16
resume/index.html,54,html,54078f64,Ria Juneja,2025-01-17,18:38:03,-08:00,2025-01-17T18:38:03-08:00,0,5
resume/index.html,55,html,54078f64,Ria Juneja,2025-01-17,18:38:03,-08:00,2025-01-17T18:38:03-08:00,0,3
resume/index.html,56,html,54078f64,Ria Juneja,2025-01-17,18:38:03,-08:00,2025-01-17T18:38:03-08:00,0,30
resume/index.html,57,html,54078f64,Ria Juneja,2025-01-17,18:38:03,-08:00,2025-01-17T18:38:03-08:00,0,52
resume/index.html,58,html,54078f64,Ria Juneja,2025-01-17,18:38:03,-08:00,2025-01-17T18:38:03-08:00,0,54
resume/index.html,59,html,54078f64,Ria Juneja,2025-01-17,18:38:03,-08:00,2025-01-17T18:38:03-08:00,0,28
resume/index.html,60,html,54078f64,Ria Juneja,2025-01-17,18:38:03,-08:00,2025-01-17T18:38:03-08:00,0,18
resume/index.html,61,html,54078f64,Ria Juneja,2025-01-17,18:38:03,-08:00,2025-01-17T18:38:03-08:00,0,23
resume/index.html,62,html,54078f64,Ria Juneja,2025-01-17,18:38:03,-08:00,2025-01-17T18:38:03-08:00,0,4
resume/index.html,63,html,54078f64,Ria Juneja,2025-01-17,18:38:03,-08:00,2025-01-17T18:38:03-08:00,0,28
resume/index.html,64,html,54078f64,Ria Juneja,2025-01-17,18:38:03,-08:00,2025-01-17T18:38:03-08:00,0,46
resume/index.html,65,html,54078f64,Ria Juneja,2025-01-17,18:38:03,-08:00,2025-01-17T18:38:03-08:00,0,4
resume/index.html,66,html,54078f64,Ria Juneja,2025-01-17,18:38:03,-08:00,2025-01-17T18:38:03-08:00,0,25
resume/index.html,67,html,54078f64,Ria Juneja,2025-01-17,18:38:03,-08:00,2025-01-17T18:38:03-08:00,0,28
resume/index.html,68,html,54078f64,Ria Juneja,2025-01-17,18:38:03,-08:00,2025-01-17T18:38:03-08:00,0,4
resume/index.html,69,html,54078f64,Ria Juneja,2025-01-17,18:38:03,-08:00,2025-01-17T18:38:03-08:00,0,27
resume/index.html,70,html,54078f64,Ria Juneja,2025-01-17,18:38:03,-08:00,2025-01-17T18:38:03-08:00,0,39
resume/index.html,71,html,54078f64,Ria Juneja,2025-01-17,18:38:03,-08:00,2025-01-17T18:38:03-08:00,0,4
resume/index.html,72,html,54078f64,Ria Juneja,2025-01-17,18:38:03,-08:00,2025-01-17T18:38:03-08:00,0,4
resume/index.html,73,html,54078f64,Ria Juneja,2025-01-17,18:38:03,-08:00,2025-01-17T18:38:03-08:00,0,5
resume/index.html,74,html,54078f64,Ria Juneja,2025-01-17,18:38:03,-08:00,2025-01-17T18:38:03-08:00,0,0
resume/index.html,75,html,54078f64,Ria Juneja,2025-01-17,18:38:03,-08:00,2025-01-17T18:38:03-08:00,0,20
resume/index.html,76,html,54078f64,Ria Juneja,2025-01-17,18:38:03,-08:00,2025-01-17T18:38:03-08:00,0,27
resume/index.html,77,html,54078f64,Ria Juneja,2025-01-17,18:38:03,-08:00,2025-01-17T18:38:03-08:00,0,22
resume/index.html,78,html,54078f64,Ria Juneja,2025-01-17,18:38:03,-08:00,2025-01-17T18:38:03-08:00,0,5
resume/index.html,79,html,54078f64,Ria Juneja,2025-01-17,18:38:03,-08:00,2025-01-17T18:38:03-08:00,0,3
resume/index.html,80,html,54078f64,Ria Juneja,2025-01-17,18:38:03,-08:00,2025-01-17T18:38:03-08:00,0,103
resume/index.html,81,html,54078f64,Ria Juneja,2025-01-17,18:38:03,-08:00,2025-01-17T18:38:03-08:00,0,94
resume/index.html,82,html,54078f64,Ria Juneja,2025-01-17,18:38:03,-08:00,2025-01-17T18:38:03-08:00,0,106
resume/index.html,83,html,54078f64,Ria Juneja,2025-01-17,18:38:03,-08:00,2025-01-17T18:38:03-08:00,0,85
resume/index.html,84,html,54078f64,Ria Juneja,2025-01-17,18:38:03,-08:00,2025-01-17T18:38:03-08:00,0,70
resume/index.html,85,html,54078f64,Ria Juneja,2025-01-17,18:38:03,-08:00,2025-01-17T18:38:03-08:00,0,69
resume/index.html,86,html,54078f64,Ria Juneja,2025-01-17,18:38:03,-08:00,2025-01-17T18:38:03-08:00,0,81
resume/index.html,87,html,54078f64,Ria Juneja,2025-01-17,18:38:03,-08:00,2025-01-17T18:38:03-08:00,0,4
resume/index.html,88,html,54078f64,Ria Juneja,2025-01-17,18:38:03,-08:00,2025-01-17T18:38:03-08:00,0,5
resume/index.html,89,html,54078f64,Ria Juneja,2025-01-17,18:38:03,-08:00,2025-01-17T18:38:03-08:00,0,0
resume/index.html,90,html,54078f64,Ria Juneja,2025-01-17,18:38:03,-08:00,2025-01-17T18:38:03-08:00,0,20
resume/index.html,91,html,54078f64,Ria Juneja,2025-01-17,18:38:03,-08:00,2025-01-17T18:38:03-08:00,0,27
resume/index.html,92,html,54078f64,Ria Juneja,2025-01-17,18:38:03,-08:00,2025-01-17T18:38:03-08:00,0,20
resume/index.html,93,html,54078f64,Ria Juneja,2025-01-17,18:38:03,-08:00,2025-01-17T18:38:03-08:00,0,5
resume/index.html,94,html,54078f64,Ria Juneja,2025-01-17,18:38:03,-08:00,2025-01-17T18:38:03-08:00,0,3
resume/index.html,95,html,54078f64,Ria Juneja,2025-01-17,18:38:03,-08:00,2025-01-17T18:38:03-08:00,0,89
resume/index.html,96,html,54078f64,Ria Juneja,2025-01-17,18:38:03,-08:00,2025-01-17T18:38:03-08:00,0,82
resume/index.html,97,html,54078f64,Ria Juneja,2025-01-17,18:38:03,-08:00,2025-01-17T18:38:03-08:00,0,71
resume/index.html,98,html,54078f64,Ria Juneja,2025-01-17,18:38:03,-08:00,2025-01-17T18:38:03-08:00,0,96
resume/index.html,99,html,54078f64,Ria Juneja,2025-01-17,18:38:03,-08:00,2025-01-17T18:38:03-08:00,0,118
resume/index.html,100,html,54078f64,Ria Juneja,2025-01-17,18:38:03,-08:00,2025-01-17T18:38:03-08:00,0,127
resume/index.html,101,html,54078f64,Ria Juneja,2025-01-17,18:38:03,-08:00,2025-01-17T18:38:03-08:00,0,4
resume/index.html,102,html,54078f64,Ria Juneja,2025-01-17,18:38:03,-08:00,2025-01-17T18:38:03-08:00,0,5
resume/index.html,103,html,54078f64,Ria Juneja,2025-01-17,18:38:03,-08:00,2025-01-17T18:38:03-08:00,0,0
resume/index.html,104,html,54078f64,Ria Juneja,2025-01-17,18:38:03,-08:00,2025-01-17T18:38:03-08:00,0,20
resume/index.html,105,html,54078f64,Ria Juneja,2025-01-17,18:38:03,-08:00,2025-01-17T18:38:03-08:00,0,27
resume/index.html,106,html,54078f64,Ria Juneja,2025-01-17,18:38:03,-08:00,2025-01-17T18:38:03-08:00,0,18
resume/index.html,107,html,54078f64,Ria Juneja,2025-01-17,18:38:03,-08:00,2025-01-17T18:38:03-08:00,0,5
resume/index.html,108,html,54078f64,Ria Juneja,2025-01-17,18:38:03,-08:00,2025-01-17T18:38:03-08:00,0,3
resume/index.html,109,html,54078f64,Ria Juneja,2025-01-17,18:38:03,-08:00,2025-01-17T18:38:03-08:00,0,45
resume/index.html,110,html,54078f64,Ria Juneja,2025-01-17,18:38:03,-08:00,2025-01-17T18:38:03-08:00,0,21
resume/index.html,111,html,54078f64,Ria Juneja,2025-01-17,18:38:03,-08:00,2025-01-17T18:38:03-08:00,0,50
resume/index.html,112,html,54078f64,Ria Juneja,2025-01-17,18:38:03,-08:00,2025-01-17T18:38:03-08:00,0,45
resume/index.html,113,html,54078f64,Ria Juneja,2025-01-17,18:38:03,-08:00,2025-01-17T18:38:03-08:00,0,59
resume/index.html,114,html,54078f64,Ria Juneja,2025-01-17,18:38:03,-08:00,2025-01-17T18:38:03-08:00,0,4
resume/index.html,115,html,54078f64,Ria Juneja,2025-01-17,18:38:03,-08:00,2025-01-17T18:38:03-08:00,0,5
resume/index.html,116,html,54078f64,Ria Juneja,2025-01-17,18:38:03,-08:00,2025-01-17T18:38:03-08:00,0,0
resume/index.html,117,html,54078f64,Ria Juneja,2025-01-17,18:38:03,-08:00,2025-01-17T18:38:03-08:00,0,20
resume/index.html,118,html,54078f64,Ria Juneja,2025-01-17,18:38:03,-08:00,2025-01-17T18:38:03-08:00,0,27
resume/index.html,119,html,54078f64,Ria Juneja,2025-01-17,18:38:03,-08:00,2025-01-17T18:38:03-08:00,0,23
resume/index.html,120,html,54078f64,Ria Juneja,2025-01-17,18:38:03,-08:00,2025-01-17T18:38:03-08:00,0,5
resume/index.html,121,html,54078f64,Ria Juneja,2025-01-17,18:38:03,-08:00,2025-01-17T18:38:03-08:00,0,3
resume/index.html,122,html,54078f64,Ria Juneja,2025-01-17,18:38:03,-08:00,2025-01-17T18:38:03-08:00,0,180
resume/index.html,123,html,54078f64,Ria Juneja,2025-01-17,18:38:03,-08:00,2025-01-17T18:38:03-08:00,0,4
resume/index.html,124,html,54078f64,Ria Juneja,2025-01-17,18:38:03,-08:00,2025-01-17T18:38:03-08:00,0,5
resume/index.html,125,html,54078f64,Ria Juneja,2025-01-17,18:38:03,-08:00,2025-01-17T18:38:03-08:00,0,0
resume/index.html,126,html,54078f64,Ria Juneja,2025-01-17,18:38:03,-08:00,2025-01-17T18:38:03-08:00,0,20
resume/index.html,127,html,54078f64,Ria Juneja,2025-01-17,18:38:03,-08:00,2025-01-17T18:38:03-08:00,0,27
resume/index.html,128,html,54078f64,Ria Juneja,2025-01-17,18:38:03,-08:00,2025-01-17T18:38:03-08:00,0,25
resume/index.html,129,html,54078f64,Ria Juneja,2025-01-17,18:38:03,-08:00,2025-01-17T18:38:03-08:00,0,5
resume/index.html,130,html,54078f64,Ria Juneja,2025-01-17,18:38:03,-08:00,2025-01-17T18:38:03-08:00,0,3
resume/index.html,131,html,54078f64,Ria Juneja,2025-01-17,18:38:03,-08:00,2025-01-17T18:38:03-08:00,0,51
resume/index.html,132,html,54078f64,Ria Juneja,2025-01-17,18:38:03,-08:00,2025-01-17T18:38:03-08:00,0,91
resume/index.html,133,html,54078f64,Ria Juneja,2025-01-17,18:38:03,-08:00,2025-01-17T18:38:03-08:00,0,102
resume/index.html,134,html,54078f64,Ria Juneja,2025-01-17,18:38:03,-08:00,2025-01-17T18:38:03-08:00,0,50
resume/index.html,135,html,54078f64,Ria Juneja,2025-01-17,18:38:03,-08:00,2025-01-17T18:38:03-08:00,0,30
resume/index.html,136,html,54078f64,Ria Juneja,2025-01-17,18:38:03,-08:00,2025-01-17T18:38:03-08:00,0,38
resume/index.html,137,html,54078f64,Ria Juneja,2025-01-17,18:38:03,-08:00,2025-01-17T18:38:03-08:00,0,49
resume/index.html,138,html,54078f64,Ria Juneja,2025-01-17,18:38:03,-08:00,2025-01-17T18:38:03-08:00,0,35
resume/index.html,139,html,54078f64,Ria Juneja,2025-01-17,18:38:03,-08:00,2025-01-17T18:38:03-08:00,0,4
resume/index.html,140,html,54078f64,Ria Juneja,2025-01-17,18:38:03,-08:00,2025-01-17T18:38:03-08:00,0,5
resume/index.html,141,html,54078f64,Ria Juneja,2025-01-17,18:38:03,-08:00,2025-01-17T18:38:03-08:00,0,0
resume/index.html,142,html,54078f64,Ria Juneja,2025-01-17,18:38:03,-08:00,2025-01-17T18:38:03-08:00,0,20
resume/index.html,143,html,54078f64,Ria Juneja,2025-01-17,18:38:03,-08:00,2025-01-17T18:38:03-08:00,0,27
resume/index.html,144,html,54078f64,Ria Juneja,2025-01-17,18:38:03,-08:00,2025-01-17T18:38:03-08:00,0,22
resume/index.html,145,html,54078f64,Ria Juneja,2025-01-17,18:38:03,-08:00,2025-01-17T18:38:03-08:00,0,5
resume/index.html,146,html,54078f64,Ria Juneja,2025-01-17,18:38:03,-08:00,2025-01-17T18:38:03-08:00,0,3
resume/index.html,147,html,54078f64,Ria Juneja,2025-01-17,18:38:03,-08:00,2025-01-17T18:38:03-08:00,0,29
resume/index.html,148,html,54078f64,Ria Juneja,2025-01-17,18:38:03,-08:00,2025-01-17T18:38:03-08:00,0,90
resume/index.html,149,html,54078f64,Ria Juneja,2025-01-17,18:38:03,-08:00,2025-01-17T18:38:03-08:00,0,33
resume/index.html,150,html,54078f64,Ria Juneja,2025-01-17,18:38:03,-08:00,2025-01-17T18:38:03-08:00,0,58
resume/index.html,151,html,54078f64,Ria Juneja,2025-01-17,18:38:03,-08:00,2025-01-17T18:38:03-08:00,0,4
resume/index.html,152,html,54078f64,Ria Juneja,2025-01-17,18:38:03,-08:00,2025-01-17T18:38:03-08:00,0,5
resume/index.html,153,html,e5877781,Ria Juneja,2025-01-22,20:02:12,-08:00,2025-01-22T20:02:12-08:00,0,49
resume/index.html,154,html,dcfbc216,Ria Juneja,2025-01-22,19:56:56,-08:00,2025-01-22T19:56:56-08:00,0,0
resume/index.html,155,html,54078f64,Ria Juneja,2025-01-17,18:38:03,-08:00,2025-01-17T18:38:03-08:00,0,6
resume/index.html,156,html,54078f64,Ria Juneja,2025-01-17,18:38:03,-08:00,2025-01-17T18:38:03-08:00,0,6
projects/projects.js,1,js,c8411c0b,Ria Juneja,2025-01-29,01:28:45,-08:00,2025-01-29T01:28:45-08:00,0,56
projects/projects.js,2,js,ed95e756,Ria Juneja,2025-02-07,19:34:37,-08:00,2025-02-07T19:34:37-08:00,0,64
projects/projects.js,3,js,ed95e756,Ria Juneja,2025-02-07,19:34:37,-08:00,2025-02-07T19:34:37-08:00,0,0
projects/projects.js,4,js,ed95e756,Ria Juneja,2025-02-07,19:34:37,-08:00,2025-02-07T19:34:37-08:00,0,14
projects/projects.js,5,js,ed95e756,Ria Juneja,2025-02-07,19:34:37,-08:00,2025-02-07T19:34:37-08:00,0,22
projects/projects.js,6,js,ed95e756,Ria Juneja,2025-02-07,19:34:37,-08:00,2025-02-07T19:34:37-08:00,0,54
projects/projects.js,7,js,ed95e756,Ria Juneja,2025-02-07,19:34:37,-08:00,2025-02-07T19:34:37-08:00,0,17
projects/projects.js,8,js,ccf6955b,Ria Juneja,2025-01-30,22:44:35,-08:00,2025-01-30T22:44:35-08:00,0,0
projects/projects.js,9,js,ccf6955b,Ria Juneja,2025-01-30,22:44:35,-08:00,2025-01-30T22:44:35-08:00,0,30
projects/projects.js,10,js,ccf6955b,Ria Juneja,2025-01-30,22:44:35,-08:00,2025-01-30T22:44:35-08:00,0,4
projects/projects.js,11,js,ed95e756,Ria Juneja,2025-02-07,19:34:37,-08:00,2025-02-07T19:34:37-08:00,0,50
projects/projects.js,12,js,ccf6955b,Ria Juneja,2025-01-30,22:44:35,-08:00,2025-01-30T22:44:35-08:00,0,0
projects/projects.js,13,js,ccf6955b,Ria Juneja,2025-01-30,22:44:35,-08:00,2025-01-30T22:44:35-08:00,0,61
projects/projects.js,14,js,ccf6955b,Ria Juneja,2025-01-30,22:44:35,-08:00,2025-01-30T22:44:35-08:00,0,68
projects/projects.js,15,js,ccf6955b,Ria Juneja,2025-01-30,22:44:35,-08:00,2025-01-30T22:44:35-08:00,0,0
projects/projects.js,16,js,ccf6955b,Ria Juneja,2025-01-30,22:44:35,-08:00,2025-01-30T22:44:35-08:00,0,24
projects/projects.js,17,js,ccf6955b,Ria Juneja,2025-01-30,22:44:35,-08:00,2025-01-30T22:44:35-08:00,0,64
projects/projects.js,18,js,ccf6955b,Ria Juneja,2025-01-30,22:44:35,-08:00,2025-01-30T22:44:35-08:00,0,6
projects/projects.js,19,js,ccf6955b,Ria Juneja,2025-01-30,22:44:35,-08:00,2025-01-30T22:44:35-08:00,0,0
projects/projects.js,20,js,ccf6955b,Ria Juneja,2025-01-30,22:44:35,-08:00,2025-01-30T22:44:35-08:00,0,0
projects/projects.js,21,js,ed95e756,Ria Juneja,2025-02-07,19:34:37,-08:00,2025-02-07T19:34:37-08:00,0,24
projects/projects.js,22,js,ed95e756,Ria Juneja,2025-02-07,19:34:37,-08:00,2025-02-07T19:34:37-08:00,0,16
projects/projects.js,23,js,ccf6955b,Ria Juneja,2025-01-30,22:44:35,-08:00,2025-01-30T22:44:35-08:00,0,0
projects/projects.js,24,js,ed95e756,Ria Juneja,2025-02-07,19:34:37,-08:00,2025-02-07T19:34:37-08:00,0,49
projects/projects.js,25,js,ed95e756,Ria Juneja,2025-02-07,19:34:37,-08:00,2025-02-07T19:34:37-08:00,0,26
projects/projects.js,26,js,ed95e756,Ria Juneja,2025-02-07,19:34:37,-08:00,2025-02-07T19:34:37-08:00,0,16
projects/projects.js,27,js,ed95e756,Ria Juneja,2025-02-07,19:34:37,-08:00,2025-02-07T19:34:37-08:00,0,2
projects/projects.js,28,js,ed95e756,Ria Juneja,2025-02-07,19:34:37,-08:00,2025-02-07T19:34:37-08:00,0,0
projects/projects.js,29,js,ed95e756,Ria Juneja,2025-02-07,19:34:37,-08:00,2025-02-07T19:34:37-08:00,0,16
projects/projects.js,30,js,ed95e756,Ria Juneja,2025-02-07,19:34:37,-08:00,2025-02-07T19:34:37-08:00,0,47
projects/projects.js,31,js,ed95e756,Ria Juneja,2025-02-07,19:34:37,-08:00,2025-02-07T19:34:37-08:00,0,0
projects/projects.js,32,js,ed95e756,Ria Juneja,2025-02-07,19:34:37,-08:00,2025-02-07T19:34:37-08:00,0,0
projects/projects.js,33,js,ed95e756,Ria Juneja,2025-02-07,19:34:37,-08:00,2025-02-07T19:34:37-08:00,0,0
projects/projects.js,34,js,ed95e756,Ria Juneja,2025-02-07,19:34:37,-08:00,2025-02-07T19:34:37-08:00,0,26
projects/projects.js,35,js,ed95e756,Ria Juneja,2025-02-07,19:34:37,-08:00,2025-02-07T19:34:37-08:00,0,52
projects/projects.js,36,js,ed95e756,Ria Juneja,2025-02-07,19:34:37,-08:00,2025-02-07T19:34:37-08:00,0,60
projects/projects.js,37,js,ed95e756,Ria Juneja,2025-02-07,19:34:37,-08:00,2025-02-07T19:34:37-08:00,0,55
projects/projects.js,38,js,ed95e756,Ria Juneja,2025-02-07,19:34:37,-08:00,2025-02-07T19:34:37-08:00,0,0
projects/projects.js,39,js,ed95e756,Ria Juneja,2025-02-07,19:34:37,-08:00,2025-02-07T19:34:37-08:00,0,22
projects/projects.js,40,js,ed95e756,Ria Juneja,2025-02-07,19:34:37,-08:00,2025-02-07T19:34:37-08:00,0,60
projects/projects.js,41,js,ed95e756,Ria Juneja,2025-02-07,19:34:37,-08:00,2025-02-07T19:34:37-08:00,0,47
projects/projects.js,42,js,ed95e756,Ria Juneja,2025-02-07,19:34:37,-08:00,2025-02-07T19:34:37-08:00,0,43
projects/projects.js,43,js,ccf6955b,Ria Juneja,2025-01-30,22:44:35,-08:00,2025-01-30T22:44:35-08:00,0,0
projects/projects.js,44,js,ccf6955b,Ria Juneja,2025-01-30,22:44:35,-08:00,2025-01-30T22:44:35-08:00,0,0
projects/projects.js,45,js,ed95e756,Ria Juneja,2025-02-07,19:34:37,-08:00,2025-02-07T19:34:37-08:00,0,34
projects/projects.js,46,js,ed95e756,Ria Juneja,2025-02-07,19:34:37,-08:00,2025-02-07T19:34:37-08:00,0,2
projects/projects.js,47,js,ccf6955b,Ria Juneja,2025-01-30,22:44:35,-08:00,2025-01-30T22:44:35-08:00,0,0
projects/projects.js,48,js,ed95e756,Ria Juneja,2025-02-07,19:34:37,-08:00,2025-02-07T19:34:37-08:00,0,61
projects/projects.js,49,js,ed95e756,Ria Juneja,2025-02-07,19:34:37,-08:00,2025-02-07T19:34:37-08:00,0,68
projects/projects.js,50,js,ccf6955b,Ria Juneja,2025-01-30,22:44:35,-08:00,2025-01-30T22:44:35-08:00,0,0
projects/projects.js,51,js,ed95e756,Ria Juneja,2025-02-07,19:34:37,-08:00,2025-02-07T19:34:37-08:00,0,35
projects/projects.js,52,js,ed95e756,Ria Juneja,2025-02-07,19:34:37,-08:00,2025-02-07T19:34:37-08:00,0,66
projects/projects.js,53,js,ed95e756,Ria Juneja,2025-02-07,19:34:37,-08:00,2025-02-07T19:34:37-08:00,0,62
projects/projects.js,54,js,ed95e756,Ria Juneja,2025-02-07,19:34:37,-08:00,2025-02-07T19:34:37-08:00,0,7
projects/projects.js,55,js,ed95e756,Ria Juneja,2025-02-07,19:34:37,-08:00,2025-02-07T19:34:37-08:00,0,57
projects/projects.js,56,js,ed95e756,Ria Juneja,2025-02-07,19:34:37,-08:00,2025-02-07T19:34:37-08:00,0,82
projects/projects.js,57,js,ccf6955b,Ria Juneja,2025-01-30,22:44:35,-08:00,2025-01-30T22:44:35-08:00,0,0
projects/projects.js,58,js,ccf6955b,Ria Juneja,2025-01-30,22:44:35,-08:00,2025-01-30T22:44:35-08:00,0,0
projects/projects.js,59,js,ccf6955b,Ria Juneja,2025-01-30,22:44:35,-08:00,2025-01-30T22:44:35-08:00,0,0
projects/projects.js,60,js,ed95e756,Ria Juneja,2025-02-07,19:34:37,-08:00,2025-02-07T19:34:37-08:00,0,16
projects/projects.js,61,js,ed95e756,Ria Juneja,2025-02-07,19:34:37,-08:00,2025-02-07T19:34:37-08:00,0,0
projects/projects.js,62,js,ed95e756,Ria Juneja,2025-02-07,19:34:37,-08:00,2025-02-07T19:34:37-08:00,0,39
projects/projects.js,63,js,ed95e756,Ria Juneja,2025-02-07,19:34:37,-08:00,2025-02-07T19:34:37-08:00,0,30
projects/projects.js,64,js,ed95e756,Ria Juneja,2025-02-07,19:34:37,-08:00,2025-02-07T19:34:37-08:00,0,13
projects/projects.js,65,js,ed95e756,Ria Juneja,2025-02-07,19:34:37,-08:00,2025-02-07T19:34:37-08:00,0,15
projects/projects.js,66,js,ed95e756,Ria Juneja,2025-02-07,19:34:37,-08:00,2025-02-07T19:34:37-08:00,0,12
projects/projects.js,67,js,ed95e756,Ria Juneja,2025-02-07,19:34:37,-08:00,2025-02-07T19:34:37-08:00,0,1
projects/projects.js,68,js,ed95e756,Ria Juneja,2025-02-07,19:34:37,-08:00,2025-02-07T19:34:37-08:00,0,0
projects/projects.js,69,js,ed95e756,Ria Juneja,2025-02-07,19:34:37,-08:00,2025-02-07T19:34:37-08:00,0,47
projects/projects.js,70,js,ed95e756,Ria Juneja,2025-02-07,19:34:37,-08:00,2025-02-07T19:34:37-08:00,0,36
projects/projects.js,71,js,ed95e756,Ria Juneja,2025-02-07,19:34:37,-08:00,2025-02-07T19:34:37-08:00,0,2
projects/projects.js,72,js,ed95e756,Ria Juneja,2025-02-07,19:34:37,-08:00,2025-02-07T19:34:37-08:00,0,0
projects/projects.js,73,js,ed95e756,Ria Juneja,2025-02-07,19:34:37,-08:00,2025-02-07T19:34:37-08:00,0,48
projects/projects.js,74,js,ed95e756,Ria Juneja,2025-02-07,19:34:37,-08:00,2025-02-07T19:34:37-08:00,0,49
projects/projects.js,75,js,ed95e756,Ria Juneja,2025-02-07,19:34:37,-08:00,2025-02-07T19:34:37-08:00,0,37
projects/projects.js,76,js,ed95e756,Ria Juneja,2025-02-07,19:34:37,-08:00,2025-02-07T19:34:37-08:00,0,58
projects/projects.js,77,js,ed95e756,Ria Juneja,2025-02-07,19:34:37,-08:00,2025-02-07T19:34:37-08:00,0,0
projects/projects.js,78,js,ed95e756,Ria Juneja,2025-02-07,19:34:37,-08:00,2025-02-07T19:34:37-08:00,0,50
projects/projects.js,79,js,ed95e756,Ria Juneja,2025-02-07,19:34:37,-08:00,2025-02-07T19:34:37-08:00,0,42
projects/projects.js,80,js,ed95e756,Ria Juneja,2025-02-07,19:34:37,-08:00,2025-02-07T19:34:37-08:00,0,0
projects/projects.js,81,js,ed95e756,Ria Juneja,2025-02-07,19:34:37,-08:00,2025-02-07T19:34:37-08:00,0,28
projects/projects.js,82,js,ed95e756,Ria Juneja,2025-02-07,19:34:37,-08:00,2025-02-07T19:34:37-08:00,0,17
projects/projects.js,83,js,ed95e756,Ria Juneja,2025-02-07,19:34:37,-08:00,2025-02-07T19:34:37-08:00,0,26
projects/projects.js,84,js,ed95e756,Ria Juneja,2025-02-07,19:34:37,-08:00,2025-02-07T19:34:37-08:00,0,25
projects/projects.js,85,js,ed95e756,Ria Juneja,2025-02-07,19:34:37,-08:00,2025-02-07T19:34:37-08:00,0,23
projects/projects.js,86,js,ed95e756,Ria Juneja,2025-02-07,19:34:37,-08:00,2025-02-07T19:34:37-08:00,0,23
projects/projects.js,87,js,ed95e756,Ria Juneja,2025-02-07,19:34:37,-08:00,2025-02-07T19:34:37-08:00,0,26
projects/projects.js,88,js,ed95e756,Ria Juneja,2025-02-07,19:34:37,-08:00,2025-02-07T19:34:37-08:00,0,26
projects/projects.js,89,js,ed95e756,Ria Juneja,2025-02-07,19:34:37,-08:00,2025-02-07T19:34:37-08:00,0,25
projects/projects.js,90,js,ed95e756,Ria Juneja,2025-02-07,19:34:37,-08:00,2025-02-07T19:34:37-08:00,0,48
projects/projects.js,91,js,ed95e756,Ria Juneja,2025-02-07,19:34:37,-08:00,2025-02-07T19:34:37-08:00,0,0
projects/projects.js,92,js,ed95e756,Ria Juneja,2025-02-07,19:34:37,-08:00,2025-02-07T19:34:37-08:00,0,20
projects/projects.js,93,js,ed95e756,Ria Juneja,2025-02-07,19:34:37,-08:00,2025-02-07T19:34:37-08:00,0,63
projects/projects.js,94,js,ed95e756,Ria Juneja,2025-02-07,19:34:37,-08:00,2025-02-07T19:34:37-08:00,0,0
projects/projects.js,95,js,ed95e756,Ria Juneja,2025-02-07,19:34:37,-08:00,2025-02-07T19:34:37-08:00,0,21
projects/projects.js,96,js,ed95e756,Ria Juneja,2025-02-07,19:34:37,-08:00,2025-02-07T19:34:37-08:00,0,86
projects/projects.js,97,js,ed95e756,Ria Juneja,2025-02-07,19:34:37,-08:00,2025-02-07T19:34:37-08:00,0,0
projects/projects.js,98,js,ed95e756,Ria Juneja,2025-02-07,19:34:37,-08:00,2025-02-07T19:34:37-08:00,0,16
projects/projects.js,99,js,ed95e756,Ria Juneja,2025-02-07,19:34:37,-08:00,2025-02-07T19:34:37-08:00,0,2
projects/projects.js,100,js,ed95e756,Ria Juneja,2025-02-07,19:34:37,-08:00,2025-02-07T19:34:37-08:00,0,2
projects/projects.js,101,js,ed95e756,Ria Juneja,2025-02-07,19:34:37,-08:00,2025-02-07T19:34:37-08:00,0,0
projects/projects.js,102,js,ed95e756,Ria Juneja,2025-02-07,19:34:37,-08:00,2025-02-07T19:34:37-08:00,0,28
projects/projects.js,103,js,ed95e756,Ria Juneja,2025-02-07,19:34:37,-08:00,2025-02-07T19:34:37-08:00,0,18
projects/projects.js,104,js,ed95e756,Ria Juneja,2025-02-07,19:34:37,-08:00,2025-02-07T19:34:37-08:00,0,28
projects/projects.js,105,js,ed95e756,Ria Juneja,2025-02-07,19:34:37,-08:00,2025-02-07T19:34:37-08:00,0,39
projects/projects.js,106,js,ed95e756,Ria Juneja,2025-02-07,19:34:37,-08:00,2025-02-07T19:34:37-08:00,0,69
projects/projects.js,107,js,ed95e756,Ria Juneja,2025-02-07,19:34:37,-08:00,2025-02-07T19:34:37-08:00,0,25
projects/projects.js,108,js,ed95e756,Ria Juneja,2025-02-07,19:34:37,-08:00,2025-02-07T19:34:37-08:00,0,48
projects/projects.js,109,js,ed95e756,Ria Juneja,2025-02-07,19:34:37,-08:00,2025-02-07T19:34:37-08:00,0,0
projects/projects.js,110,js,ed95e756,Ria Juneja,2025-02-07,19:34:37,-08:00,2025-02-07T19:34:37-08:00,0,20
projects/projects.js,111,js,ed95e756,Ria Juneja,2025-02-07,19:34:37,-08:00,2025-02-07T19:34:37-08:00,0,63
projects/projects.js,112,js,ed95e756,Ria Juneja,2025-02-07,19:34:37,-08:00,2025-02-07T19:34:37-08:00,0,0
projects/projects.js,113,js,ed95e756,Ria Juneja,2025-02-07,19:34:37,-08:00,2025-02-07T19:34:37-08:00,0,21
projects/projects.js,114,js,ed95e756,Ria Juneja,2025-02-07,19:34:37,-08:00,2025-02-07T19:34:37-08:00,0,86
projects/projects.js,115,js,ed95e756,Ria Juneja,2025-02-07,19:34:37,-08:00,2025-02-07T19:34:37-08:00,0,0
projects/projects.js,116,js,ed95e756,Ria Juneja,2025-02-07,19:34:37,-08:00,2025-02-07T19:34:37-08:00,0,16
projects/projects.js,117,js,ed95e756,Ria Juneja,2025-02-07,19:34:37,-08:00,2025-02-07T19:34:37-08:00,0,2
projects/projects.js,118,js,ed95e756,Ria Juneja,2025-02-07,19:34:37,-08:00,2025-02-07T19:34:37-08:00,0,2
projects/projects.js,119,js,ed95e756,Ria Juneja,2025-02-07,19:34:37,-08:00,2025-02-07T19:34:37-08:00,0,0
projects/projects.js,120,js,ed95e756,Ria Juneja,2025-02-07,19:34:37,-08:00,2025-02-07T19:34:37-08:00,0,0
projects/projects.js,121,js,ccf6955b,Ria Juneja,2025-01-30,22:44:35,-08:00,2025-01-30T22:44:35-08:00,0,14
projects/index.html,1,html,9f52424f,Ria Juneja,2025-01-10,16:51:20,+05:30,2025-01-10T16:51:20+05:30,0,14
projects/index.html,2,html,9f52424f,Ria Juneja,2025-01-10,16:51:20,+05:30,2025-01-10T16:51:20+05:30,0,15
projects/index.html,3,html,9f52424f,Ria Juneja,2025-01-10,16:51:20,+05:30,2025-01-10T16:51:20+05:30,0,5
projects/index.html,4,html,9f52424f,Ria Juneja,2025-01-10,16:51:20,+05:30,2025-01-10T16:51:20+05:30,0,21
projects/index.html,5,html,9f52424f,Ria Juneja,2025-01-10,16:51:20,+05:30,2025-01-10T16:51:20+05:30,0,69
projects/index.html,6,html,7b40e4c3,Ria Juneja,2025-01-17,18:24:42,-08:00,2025-01-17T18:24:42-08:00,0,42
projects/index.html,7,html,9f52424f,Ria Juneja,2025-01-10,16:51:20,+05:30,2025-01-10T16:51:20+05:30,0,6
projects/index.html,8,html,9f52424f,Ria Juneja,2025-01-10,16:51:20,+05:30,2025-01-10T16:51:20+05:30,0,5
projects/index.html,9,html,bf784f87,Ria Juneja,2025-01-22,21:25:11,-08:00,2025-01-22T21:25:11-08:00,0,9
projects/index.html,10,html,79ff4f12,Ria Juneja,2025-01-17,18:30:23,-08:00,2025-01-17T18:30:23-08:00,0,31
projects/index.html,11,html,143ac4ed,Ria Juneja,2025-01-22,20:10:49,-08:00,2025-01-22T20:10:49-08:00,0,33
projects/index.html,12,html,79ff4f12,Ria Juneja,2025-01-17,18:30:23,-08:00,2025-01-17T18:30:23-08:00,0,42
projects/index.html,13,html,b4908046,Ria Juneja,2025-01-17,18:32:50,-08:00,2025-01-17T18:32:50-08:00,0,40
projects/index.html,14,html,79ff4f12,Ria Juneja,2025-01-17,18:30:23,-08:00,2025-01-17T18:30:23-08:00,0,64
projects/index.html,15,html,bf784f87,Ria Juneja,2025-01-22,21:25:11,-08:00,2025-01-22T21:25:11-08:00,0,9
projects/index.html,16,html,78d804ea,Ria Juneja,2025-01-10,16:57:35,+05:30,2025-01-10T16:57:35+05:30,0,22
projects/index.html,17,html,ccf6955b,Ria Juneja,2025-01-30,22:44:35,-08:00,2025-01-30T22:44:35-08:00,0,74
projects/index.html,18,html,ed95e756,Ria Juneja,2025-02-07,19:34:37,-08:00,2025-02-07T19:34:37-08:00,0,22
projects/index.html,19,html,ed95e756,Ria Juneja,2025-02-07,19:34:37,-08:00,2025-02-07T19:34:37-08:00,0,59
projects/index.html,20,html,ed95e756,Ria Juneja,2025-02-07,19:34:37,-08:00,2025-02-07T19:34:37-08:00,0,23
projects/index.html,21,html,ed95e756,Ria Juneja,2025-02-07,19:34:37,-08:00,2025-02-07T19:34:37-08:00,0,5
projects/index.html,22,html,ed95e756,Ria Juneja,2025-02-07,19:34:37,-08:00,2025-02-07T19:34:37-08:00,0,5
projects/index.html,23,html,ed95e756,Ria Juneja,2025-02-07,19:34:37,-08:00,2025-02-07T19:34:37-08:00,0,16
projects/index.html,24,html,ed95e756,Ria Juneja,2025-02-07,19:34:37,-08:00,2025-02-07T19:34:37-08:00,0,12
projects/index.html,25,html,ed95e756,Ria Juneja,2025-02-07,19:34:37,-08:00,2025-02-07T19:34:37-08:00,0,27
projects/index.html,26,html,ed95e756,Ria Juneja,2025-02-07,19:34:37,-08:00,2025-02-07T19:34:37-08:00,0,32
projects/index.html,27,html,ed95e756,Ria Juneja,2025-02-07,19:34:37,-08:00,2025-02-07T19:34:37-08:00,0,1
projects/index.html,28,html,ed95e756,Ria Juneja,2025-02-07,19:34:37,-08:00,2025-02-07T19:34:37-08:00,0,0
projects/index.html,29,html,ccf6955b,Ria Juneja,2025-01-30,22:44:35,-08:00,2025-01-30T22:44:35-08:00,0,27
projects/index.html,30,html,ccf6955b,Ria Juneja,2025-01-30,22:44:35,-08:00,2025-01-30T22:44:35-08:00,0,0
projects/index.html,31,html,ccf6955b,Ria Juneja,2025-01-30,22:44:35,-08:00,2025-01-30T22:44:35-08:00,0,49
projects/index.html,32,html,c8411c0b,Ria Juneja,2025-01-29,01:28:45,-08:00,2025-01-29T01:28:45-08:00,0,48
projects/index.html,33,html,ccf6955b,Ria Juneja,2025-01-30,22:44:35,-08:00,2025-01-30T22:44:35-08:00,0,63
projects/index.html,34,html,dcfbc216,Ria Juneja,2025-01-22,19:56:56,-08:00,2025-01-22T19:56:56-08:00,0,0
projects/index.html,35,html,ed95e756,Ria Juneja,2025-02-07,19:34:37,-08:00,2025-02-07T19:34:37-08:00,0,0
projects/index.html,36,html,9f52424f,Ria Juneja,2025-01-10,16:51:20,+05:30,2025-01-10T16:51:20+05:30,0,6
projects/index.html,37,html,9f52424f,Ria Juneja,2025-01-10,16:51:20,+05:30,2025-01-10T16:51:20+05:30,0,6
meta/index.html,1,html,4e067104,Ria Juneja,2025-02-15,01:31:09,-08:00,2025-02-15T01:31:09-08:00,0,14
meta/index.html,2,html,4e067104,Ria Juneja,2025-02-15,01:31:09,-08:00,2025-02-15T01:31:09-08:00,0,28
meta/index.html,3,html,4e067104,Ria Juneja,2025-02-15,01:31:09,-08:00,2025-02-15T01:31:09-08:00,0,5
meta/index.html,4,html,4e067104,Ria Juneja,2025-02-15,01:31:09,-08:00,2025-02-15T01:31:09-08:00,0,21
meta/index.html,5,html,4e067104,Ria Juneja,2025-02-15,01:31:09,-08:00,2025-02-15T01:31:09-08:00,0,69
meta/index.html,6,html,4e067104,Ria Juneja,2025-02-15,01:31:09,-08:00,2025-02-15T01:31:09-08:00,0,18
meta/index.html,7,html,4e067104,Ria Juneja,2025-02-15,01:31:09,-08:00,2025-02-15T01:31:09-08:00,0,39
meta/index.html,8,html,4e067104,Ria Juneja,2025-02-15,01:31:09,-08:00,2025-02-15T01:31:09-08:00,0,6
meta/index.html,9,html,4e067104,Ria Juneja,2025-02-15,01:31:09,-08:00,2025-02-15T01:31:09-08:00,0,5
meta/index.html,10,html,4e067104,Ria Juneja,2025-02-15,01:31:09,-08:00,2025-02-15T01:31:09-08:00,0,0
meta/index.html,11,html,4e067104,Ria Juneja,2025-02-15,01:31:09,-08:00,2025-02-15T01:31:09-08:00,0,0
meta/index.html,12,html,4e067104,Ria Juneja,2025-02-15,01:31:09,-08:00,2025-02-15T01:31:09-08:00,0,12
meta/index.html,13,html,4e067104,Ria Juneja,2025-02-15,01:31:09,-08:00,2025-02-15T01:31:09-08:00,0,61
meta/index.html,14,html,4e067104,Ria Juneja,2025-02-15,01:31:09,-08:00,2025-02-15T01:31:09-08:00,0,0
meta/index.html,15,html,4e067104,Ria Juneja,2025-02-15,01:31:09,-08:00,2025-02-15T01:31:09-08:00,0,6
meta/index.html,16,html,4e067104,Ria Juneja,2025-02-15,01:31:09,-08:00,2025-02-15T01:31:09-08:00,0,6
contact/index.html,1,html,9f52424f,Ria Juneja,2025-01-10,16:51:20,+05:30,2025-01-10T16:51:20+05:30,0,14
contact/index.html,2,html,9f52424f,Ria Juneja,2025-01-10,16:51:20,+05:30,2025-01-10T16:51:20+05:30,0,15
contact/index.html,3,html,9f52424f,Ria Juneja,2025-01-10,16:51:20,+05:30,2025-01-10T16:51:20+05:30,0,5
contact/index.html,4,html,9f52424f,Ria Juneja,2025-01-10,16:51:20,+05:30,2025-01-10T16:51:20+05:30,0,21
contact/index.html,5,html,9f52424f,Ria Juneja,2025-01-10,16:51:20,+05:30,2025-01-10T16:51:20+05:30,0,69
contact/index.html,6,html,9f52424f,Ria Juneja,2025-01-10,16:51:20,+05:30,2025-01-10T16:51:20+05:30,0,21
contact/index.html,7,html,7b40e4c3,Ria Juneja,2025-01-17,18:24:42,-08:00,2025-01-17T18:24:42-08:00,0,42
contact/index.html,8,html,9f52424f,Ria Juneja,2025-01-10,16:51:20,+05:30,2025-01-10T16:51:20+05:30,0,6
contact/index.html,9,html,9f52424f,Ria Juneja,2025-01-10,16:51:20,+05:30,2025-01-10T16:51:20+05:30,0,5
contact/index.html,10,html,bf784f87,Ria Juneja,2025-01-22,21:25:11,-08:00,2025-01-22T21:25:11-08:00,0,9
contact/index.html,11,html,fd19dfc4,Ria Juneja,2025-01-17,18:19:39,-08:00,2025-01-17T18:19:39-08:00,0,31
contact/index.html,12,html,fd19dfc4,Ria Juneja,2025-01-17,18:19:39,-08:00,2025-01-17T18:19:39-08:00,0,44
contact/index.html,13,html,143ac4ed,Ria Juneja,2025-01-22,20:10:49,-08:00,2025-01-22T20:10:49-08:00,0,32
contact/index.html,14,html,b4908046,Ria Juneja,2025-01-17,18:32:50,-08:00,2025-01-17T18:32:50-08:00,0,40
contact/index.html,15,html,fd19dfc4,Ria Juneja,2025-01-17,18:19:39,-08:00,2025-01-17T18:19:39-08:00,0,64
contact/index.html,16,html,bf784f87,Ria Juneja,2025-01-22,21:25:11,-08:00,2025-01-22T21:25:11-08:00,0,9
contact/index.html,17,html,3ec4d668,Ria Juneja,2025-01-10,17:01:26,+05:30,2025-01-10T17:01:26+05:30,0,0
contact/index.html,18,html,9f52424f,Ria Juneja,2025-01-10,16:51:20,+05:30,2025-01-10T16:51:20+05:30,0,18
contact/index.html,19,html,3ec4d668,Ria Juneja,2025-01-10,17:01:26,+05:30,2025-01-10T17:01:26+05:30,0,0
contact/index.html,20,html,ff50aa77,Ria Juneja,2025-01-12,01:42:52,+05:30,2025-01-12T01:42:52+05:30,0,72
contact/index.html,21,html,3ec4d668,Ria Juneja,2025-01-10,17:01:26,+05:30,2025-01-10T17:01:26+05:30,0,32
contact/index.html,22,html,ff50aa77,Ria Juneja,2025-01-12,01:42:52,+05:30,2025-01-12T01:42:52+05:30,0,73
contact/index.html,23,html,9f52424f,Ria Juneja,2025-01-10,16:51:20,+05:30,2025-01-10T16:51:20+05:30,0,7
contact/index.html,24,html,ff50aa77,Ria Juneja,2025-01-12,01:42:52,+05:30,2025-01-12T01:42:52+05:30,0,0
contact/index.html,25,html,9f52424f,Ria Juneja,2025-01-10,16:51:20,+05:30,2025-01-10T16:51:20+05:30,0,36
contact/index.html,26,html,ff50aa77,Ria Juneja,2025-01-12,01:42:52,+05:30,2025-01-12T01:42:52+05:30,0,73
contact/index.html,27,html,9f52424f,Ria Juneja,2025-01-10,16:51:20,+05:30,2025-01-10T16:51:20+05:30,0,7
contact/index.html,28,html,ff50aa77,Ria Juneja,2025-01-12,01:42:52,+05:30,2025-01-12T01:42:52+05:30,0,0
contact/index.html,29,html,9f52424f,Ria Juneja,2025-01-10,16:51:20,+05:30,2025-01-10T16:51:20+05:30,0,33
contact/index.html,30,html,ff50aa77,Ria Juneja,2025-01-12,01:42:52,+05:30,2025-01-12T01:42:52+05:30,0,70
contact/index.html,31,html,9f52424f,Ria Juneja,2025-01-10,16:51:20,+05:30,2025-01-10T16:51:20+05:30,0,7
contact/index.html,32,html,ff50aa77,Ria Juneja,2025-01-12,01:42:52,+05:30,2025-01-12T01:42:52+05:30,0,0
contact/index.html,33,html,ff50aa77,Ria Juneja,2025-01-12,01:42:52,+05:30,2025-01-12T01:42:52+05:30,0,34
contact/index.html,34,html,ff50aa77,Ria Juneja,2025-01-12,01:42:52,+05:30,2025-01-12T01:42:52+05:30,0,6
contact/index.html,35,html,e5877781,Ria Juneja,2025-01-22,20:02:12,-08:00,2025-01-22T20:02:12-08:00,0,49
contact/index.html,36,html,dcfbc216,Ria Juneja,2025-01-22,19:56:56,-08:00,2025-01-22T19:56:56-08:00,0,0
contact/index.html,37,html,ff50aa77,Ria Juneja,2025-01-12,01:42:52,+05:30,2025-01-12T01:42:52+05:30,0,0
contact/index.html,38,html,9f52424f,Ria Juneja,2025-01-10,16:51:20,+05:30,2025-01-10T16:51:20+05:30,0,6
contact/index.html,39,html,e881219b,Ria Juneja,2025-01-10,16:54:34,+05:30,2025-01-10T16:54:34+05:30,0,6
